Time, Temp
10,229
20,229
30,228
40,228
51,228
61,228
72,228
82,229
93,229
103,229
113,228
123,228
135,228
145,229
155,229
165,227
176,228
186,227
197,229
207,229
218,229
228,229
238,228
248,229
260,227
270,229
280,228
290,228
301,228
312,228
322,227
332,229
343,228
353,228
363,228
374,228
385,228
395,228
405,228
415,229
425,229
437,228
447,228
457,229
467,227
478,230
489,228
499,228
509,228
520,228
530,229
540,228
551,228
562,228
572,228
582,228
592,229
603,228
614,229
624,227
634,228
645,228
655,229
665,229
676,228
687,228
697,229
707,229
717,228
729,228
739,228
749,227
759,229
770,228
780,229
791,228
801,229
812,229
822,229
832,228
842,229
854,227
864,228
874,228
884,228
894,228
906,227
916,228
926,227
936,228
947,228
957,228
968,228
978,228
989,228
999,229
1009,228
1020,227
1031,227
1041,227
1051,227
1061,229
1073,228
1083,228
1093,227
1103,228
1115,228
1125,228
1135,229
1145,228
1156,228
1167,228
1177,228
1187,228
1198,228
1209,228
1219,228
1229,228
1240,227
1250,228
1261,228
1271,228
1282,228
1292,228
1303,228
1313,228
1324,227
1334,228
1344,228
1355,227
1366,228
1376,229
1386,228
1397,228
1408,229
1418,228
1428,227
1438,229
1449,228
1460,227
1470,229
1480,229
1491,228
1502,228
1512,228
1522,229
1532,228
1544,228
1554,227
1564,229
1574,227
1586,227
1596,227
1606,229
1616,228
1627,228
1638,228
1648,227
1658,228
1669,228
1680,228
1690,228
1700,228
1711,227
1721,227
1732,227
1742,228
1753,228
1763,227
1774,229
1784,228
1795,228
1805,227
1815,228
1826,228
1837,228
1847,228
1857,228
1868,227
1879,228
1889,228
1899,228
1909,227
1921,227
1931,228
1941,228
1951,228
1963,228
1973,229
1983,227
1993,227
2003,228
2015,229
2025,227
2035,228
2045,229
2057,228
2067,228
2077,228
2087,228
2098,227
2109,229
2119,228
2129,228
2140,229
2151,229
2161,228
2171,228
2182,228
2192,227
2203,229
2213,228
2224,227
2234,228
2245,228
2255,228
2266,228
2276,228
2286,228
2297,228
2308,227
2318,228
2328,228
2339,229
2350,228
2360,228
2370,228
2380,230
2392,228
2402,228
2412,229
2422,229
2434,228
2444,228
2454,228
2464,228
2475,229
2486,228
2496,229
2506,228
2516,229
2528,228
2538,229
2548,229
2558,228
2569,227
2580,228
2590,229
2600,228
2611,228
2622,228
2632,228
2642,228
2653,229
2663,229
2674,228
2684,230
2695,229
2705,228
2716,228
2726,229
2737,227
2747,229
2757,229
2768,229
2779,228
2789,230
2799,228
2810,229
2821,229
2831,228
2841,229
2851,228
2863,230
2873,229
2883,230
2893,227
2905,230
2915,228
2925,229
2935,229
2946,228
2957,229
2967,228
2977,229
2988,228
2999,229
3009,228
3019,228
3030,229
3040,228
3051,228
3061,229
3072,229
3082,228
3093,228
3103,229
3113,228
3124,228
3134,229
3145,230
3155,228
3166,228
3176,229
3187,228
3197,228
3208,229
3218,228
3228,228
3239,228
3250,229
3260,229
3270,228
3281,228
3292,230
3302,228
3312,229
3322,228
3334,229
3344,229
3354,229
3364,229
3376,229
3386,228
3396,229
3406,230
3417,228
3428,228
3438,230
3448,228
3459,228
3470,228
3480,230
3490,228
3501,228
3511,228
3522,228
3532,230
3543,228
3553,230
3564,229
3574,229
3585,229
3595,229
3605,229
3616,229
3627,230
3637,230
3647,229
3658,230
3668,231
3679,230
3689,230
3699,231
3710,231
3721,230
3731,230
3741,231
3752,231
3763,231
3773,231
3783,231
3793,231
3805,231
3815,231
3825,231
3835,231
3847,231
3857,232
3867,233
3877,232
3888,232
3899,231
3909,233
3919,231
3930,233
3941,233
3951,233
3961,233
3972,231
3982,233
3993,233
4003,232
4014,231
4024,233
4035,232
4045,231
4056,234
4066,232
4076,234
4087,233
4098,234
4108,234
4118,235
4129,234
4140,235
4150,236
4160,237
4170,236
4182,238
4192,237
4202,237
4212,239
4224,240
4234,239
4244,241
4254,241
4264,242
4276,241
4286,242
4296,242
4306,243
4318,244
4328,244
4338,244
4348,245
4359,245
4370,245
4380,246
4390,246
4401,247
4412,249
4422,248
4432,247
4443,250
4453,248
4464,249
4474,251
4485,250
4495,250
4506,250
4516,252
4527,251
4537,252
4547,252
4558,253
4569,252
4579,253
4589,253
4600,254
4611,255
4621,254
4631,255
4641,255
4653,255
4663,255
4673,256
4683,255
4695,256
4705,255
4715,256
4725,256
4736,257
4747,258
4757,259
4767,259
4777,257
4789,259
4799,259
4809,259
4819,258
4830,259
4841,260
4851,260
4861,259
4872,260
4883,260
4893,260
4903,260
4914,260
4924,261
4935,260
4945,261
4956,262
4966,262
4977,262
4987,261
4998,262
5008,261
5018,262
5029,263
5040,262
5050,262
5060,263
5071,263
5082,263
5092,263
5102,263
5112,263
5124,265
5134,263
5144,264
5154,263
5166,264
5176,265
5186,264
5196,264
5207,264
5218,265
5228,266
5238,264
5249,265
5260,266
5270,266
5280,265
5291,265
5301,265
5312,265
5322,265
5332,266
5343,267
5354,266
5364,266
5374,265
5385,266
5395,266
5406,265
5416,266
5427,266
5437,267
5448,267
5458,266
5469,266
5479,268
5489,267
5500,266
5511,267
5521,268
5531,267
5542,267
5553,268
5563,267
5573,269
5583,267
5595,267
5605,268
5615,268
5625,268
5637,268
5647,269
5657,268
5667,268
5678,268
5689,267
5699,268
5709,269
5720,268
5731,269
5741,268
5751,269
5762,269
5772,269
5783,269
5793,269
5804,269
5814,270
5825,270
5835,269
5846,269
5856,270
5866,270
5877,270
5888,269
5898,270
5908,270
5919,270
5929,270
5940,270
5950,271
5960,270
5971,271
5982,271
5992,270
6002,270
6013,270
6024,271
6034,270
6044,270
6054,271
6066,270
6076,271
6086,270
6096,271
6108,271
6118,271
6128,272
6138,272
6149,272
6160,271
6170,271
6180,272
6191,272
6202,271
6212,271
6222,272
6233,272
6243,273
6254,272
6264,272
6275,272
6285,272
6296,271
6306,272
6317,273
6327,272
6337,272
6348,273
6359,272
6369,274
6379,273
6390,273
6401,273
6411,273
6421,273
6431,272
6443,272
6453,272
6463,273
6473,273
6484,274
6495,273
6505,273
6515,273
6525,274
6537,273
6547,273
6557,274
6567,273
6579,274
6589,273
6599,274
6609,273
6620,273
6631,274
6641,274
6651,275
6662,275
6673,274
6683,274
6693,274
6704,274
6714,275
6725,274
6735,275
6746,274
6756,275
6767,274
6777,275
6788,274
6798,274
6808,274
6819,275
6830,275
6840,275
6850,274
6861,275
6872,274
6882,275
6892,274
6902,275
6914,274
6924,275
6934,275
6944,275
6956,275
6966,276
6976,275
6986,274
6996,275
7008,276
7018,276
7028,276
7038,274
7050,276
7060,275
7070,275
7080,275
7091,276
7102,276
7112,275
7122,275
7133,276
7144,275
7154,275
7164,275
7175,276
7185,276
7196,276
7206,276
7217,277
7227,276
7238,276
7248,276
7259,277
7269,276
7279,276
7290,278
7301,275
7311,276
7321,276
7332,276
7343,276
7353,277
7363,276
7373,276
7385,277
7395,276
7405,276
7415,276
7427,277
7437,278
7447,277
7457,277
7468,276
7479,276
7489,277
7499,276
7510,277
7521,276
7531,276
7541,276
7552,277
7562,277
7573,277
7583,276
7593,277
7604,277
7615,278
7625,277
7635,278
7646,276
7656,277
7667,277
7677,277
7688,278
7698,279
7709,277
7719,276
7730,277
7740,278
7750,278
7761,277
7772,277
7782,277
7792,276
7803,277
7814,278
7824,278
7834,278
7844,277
7856,278
7866,277
7876,277
7886,279
7898,277
7908,277
7918,278
7928,278
7939,278
7950,278
7960,278
7970,278
7981,278
7992,279
8002,278
8012,278
8023,278
8033,278
8044,278
8054,279
8065,279
8075,278
8086,278
8096,279
8107,278
8117,278
8127,279
8138,278
8148,278
8159,278
8169,279
8180,278
8190,279
8201,278
8211,279
8221,278
8232,278
8243,278
8253,279
8263,279
8274,279
8285,279
8295,278
8305,279
8315,279
8327,279
8337,279
8347,279
8357,279
8369,279
8379,279
8389,280
8399,280
8410,279
8421,279
8431,279
8441,280
8452,280
8463,280
8473,280
8483,279
8494,280
8504,280
8515,280
8525,279
8536,281
8546,280
8557,279
8567,280
8578,280
8588,280
8598,281
8609,280
8620,279
8630,280
8640,280
8651,279
8662,281
8672,280
8682,280
8692,281
8704,281
8714,280
8724,281
8734,280
8745,280
8756,280
8766,280
8776,280
8786,281
8798,280
8808,281
8818,282
8828,280
8840,281
8850,280
8860,281
8870,281
8881,280
8892,281
8902,281
8912,281
8923,280
8934,280
8944,281
8954,281
8965,280
8975,281
8986,281
8996,281
9007,281
9017,281
9028,281
9038,283
9049,282
9059,281
9069,281
9080,281
9091,282
9101,282
9111,282
9122,282
9133,281
9143,282
9153,282
9163,282
9175,282
9185,282
9195,281
9205,282
9217,282
9227,282
9237,282
9247,283
9257,282
9269,283
9279,283
9289,282
9299,282
9311,282
9321,282
9331,282
9341,282
9352,281
9363,282
9373,282
9383,283
9394,283
9405,282
9415,282
9425,283
9436,283
9446,282
9457,283
9467,283
9478,282
9488,283
9499,282
9509,282
9520,283
9530,283
9540,283
9551,282
9562,282
9572,284
9582,283
9593,283
9604,284
9614,283
9624,284
9634,283
9646,283
9656,283
9666,283
9676,283
9688,283
9698,285
9708,284
9718,284
9729,283
9740,285
9750,283
9760,283
9771,283
9782,285
9792,284
9802,283
9812,284
9823,284
9834,283
9844,283
9854,284
9865,283
9876,284
9886,285
9896,284
9907,284
9917,284
9928,285
9938,283
9949,284
9959,284
9970,284
9980,284
9991,284
10001,285
10011,284
10022,285
10033,284
10043,284
10053,283
10064,285
10075,284
10085,284
10096,284
10106,284
10117,285
10127,285
10138,284
10148,284
10159,283
10169,284
10180,285
10190,285
10201,284
10212,285
10222,284
10232,284
10243,285
10254,285
10264,285
10274,284
10285,286
10296,285
10306,285
10316,284
10327,284
10338,285
10348,284
10358,285
10370,285
10380,285
10390,285
10400,284
10412,284
10422,284
10432,286
10442,285
10454,284
10464,285
10474,286
10485,285
10496,285
10506,285
10516,285
10527,284
10537,285
10548,285
10558,284
10569,285
10579,285
10590,285
10600,285
10611,285
10621,284
10632,285
10643,285
10653,286
10664,284
10676,284
10687,285
10699,285
10711,286
10722,286
10733,285
10744,284
10756,286
10768,285
10779,285
10790,285
10802,286
10813,285
10824,286
10836,285
10848,285
10859,285
10870,285
10882,286
10894,285
10905,285
10916,285
10928,285
10939,285
10950,286
10962,287
10974,286
10985,286
10996,287
11008,286
11019,285
11031,286
11042,285
11054,285
11065,286
11076,285
11087,285
11100,286
11111,286
11122,286
11133,285
11145,286
11156,286
11168,285
11180,287
11191,286
11202,287
11213,285
11225,286
11237,287
11248,285
11259,286
11271,286
11282,285
11294,286
11305,287
11317,286
11328,285
11339,287
11351,285
11363,286
11374,287
11385,287
11397,286
11408,286
11419,287
11431,286
11443,286
11454,288
11465,286
11476,286
11488,287
11500,286
11511,286
11523,286
11534,287
11545,288
11556,286
11569,286
11580,287
11591,288
11602,287
11614,288
11626,287
11637,286
11649,287
11660,286
11671,286
11682,286
11695,287
11706,287
11717,287
11728,287
11740,286
11751,288
11763,287
11774,287
11786,287
11797,288
11808,287
11820,288
11832,286
11843,288
11854,286
11866,287
11877,287
11888,287
11900,287
11912,287
11923,287
11934,288
11945,286
11957,287
11969,287
11980,287
11992,286
12003,288
12014,287
12026,286
12038,288
12049,286
12060,287
12071,287
12083,287
12095,287
12106,287
12118,287
12129,287
12140,287
12151,286
12164,287
12175,287
12186,287
12197,286
12209,288
12220,287
12232,286
12243,287
12255,288
12266,286
12277,287
12289,287
12301,287
12312,288
12323,288
12335,287
12346,286
12358,287
12369,288
12381,287
12392,287
12403,288
12414,287
12427,286
12438,287
12449,288
12461,286
12472,287
12483,287
12495,287
12507,287
12518,287
12529,288
12540,287
12552,286
12564,288
12575,287
12587,288
12598,287
12609,287
12620,286
12633,288
12644,288
12655,287
12666,287
12678,288
12689,287
12701,288
12712,287
12724,288
12735,287
12746,287
12759,287
12770,288
12781,286
12792,288
12804,288
12815,288
12827,288
12838,288
12850,287
12861,287
12872,288
12883,288
12896,287
12907,287
12918,288
12930,287
12941,287
12952,288
12964,287
12976,287
12987,287
12998,288
13009,288
13021,288
13033,288
13044,288
13056,288
13067,288
13078,287
13090,288
13102,287
13113,288
13124,288
13135,287
13147,288
13159,288
13170,287
13181,287
13193,288
13204,289
13215,287
13228,288
13239,288
13250,287
13261,288
13273,287
13284,288
13296,288
13307,288
13319,287
13330,287
13341,288
13352,288
13365,287
13376,288
13387,288
13399,288
13410,287
13421,288
13433,288
13445,287
13456,288
13467,288
13478,288
13491,289
13502,288
13513,288
13524,287
13536,288
13547,287
13559,287
13571,287
13582,288
13593,288
13604,289
13616,288
13628,288
13639,287
13650,288
13662,288
13673,288
13684,288
13697,289
13708,289
13719,289
13730,288
13742,288
13753,288
13765,287
13776,290
13788,288
13799,287
13810,288
13822,289
13834,287
13845,288
13856,288
13868,288
13879,288
13891,288
13902,288
13914,287
13925,288
13936,288
13947,288
13960,288
13971,288
13982,289
13993,288
14005,288
14016,289
14028,287
14040,288
14051,288
14062,288
14073,288
14085,288
14097,289
14108,288
14119,288
14131,289
14142,288
14153,288
14166,288
14177,289
14188,288
14199,288
14211,289
14223,288
14234,290
14245,290
14257,288
14268,288
14279,289
14291,289
14303,289
14314,288
14325,289
14337,290
14348,289
14360,290
14371,290
14383,289
14394,288
14405,289
14416,290
14429,289
14440,291
14451,289
14462,289
14474,289
14485,290
14497,289
14509,289
14520,291
14531,290
14542,289
14555,290
14566,290
14577,289
14588,290
14600,291
14611,290
14623,290
14635,290
14646,290
14657,290
14668,290
14680,291
14692,290
14703,289
14714,290
14726,290
14737,290
14748,290
14760,291
14772,291
14783,291
14794,291
14806,291
14817,289
14829,291
14840,291
14852,291
14863,290
14874,291
14885,291
14898,290
14909,290
14920,291
14931,291
14943,290
14955,291
14966,290
14978,291
14989,291
15000,291
15011,292
15024,291
15035,291
15046,290
15057,291
15069,291
15080,292
15092,291
15104,292
15115,292
15126,291
15137,291
15149,293
15161,292
15172,291
15183,292
15195,293
15206,291
15217,292
15229,293
15241,292
15252,291
15263,293
15275,292
15287,291
15298,292
15309,292
15321,293
15332,292
15343,291
15355,292
15367,291
15378,292
15389,293
15400,292
15412,291
15424,292
15435,291
15447,292
15458,292
15469,293
15480,293
15493,292
15504,292
15515,291
15526,292
15538,292
15549,293
15561,292
15572,292
15584,293
15595,291
15606,292
15618,292
15630,292
15641,292
15652,293
15664,292
15675,293
15687,293
15698,293
15710,294
15721,292
15732,293
15744,294
15756,292
15767,292
15778,293
15790,293
15801,293
15812,293
15824,293
15836,292
15847,292
15858,293
15869,293
15881,294
15893,293
15904,294
15916,292
15927,292
15938,292
15949,292
15962,292
15973,293
15984,293
15995,293
16007,294
16019,292
16030,292
16041,292
16053,294
16064,293
16075,293
16088,293
16099,294
16110,293
16121,293
16133,293
16144,293
16156,293
16167,293
16179,294
16190,293
16201,293
16212,293
16225,293
16236,293
16247,294
16259,294
16270,294
16281,294
16293,294
16305,294
16316,293
16327,294
16338,294
16350,293
16362,293
16373,295
16385,293
16396,294
16407,294
16419,293
16431,293
16442,294
16453,294
16464,293
16476,294
16488,294
16499,293
16510,294
16522,294
16533,295
16544,293
16557,294
16568,295
16579,294
16590,293
16602,294
16613,294
16625,293
16636,295
16648,295
16659,294
16670,294
16681,294
16694,294
16705,293
16716,293
16728,295
16739,293
16751,294
16762,294
16774,295
16785,293
16796,294
16807,295
16820,295
16831,294
16842,294
16854,294
16865,295
16876,294
16888,295
16900,294
16911,294
16922,295
16933,294
16945,293
16957,294
16968,294
16979,294
16991,295
17002,295
17013,294
17026,294
17037,294
17048,295
17059,294
17071,294
17082,296
17094,295
17105,294
17117,295
17128,295
17139,294
17152,294
17163,294
17174,294
17185,294
17197,296
17208,295
17220,295
17231,294
17243,295
17254,294
17265,294
17276,294
17289,295
17300,295
17311,295
17323,295
17334,294
17345,294
17357,295
17369,294
17380,294
17391,295
17402,296
17414,293
17426,295
17437,295
17448,294
17460,295
17471,295
17483,295
17495,294
17506,295
17517,295
17528,294
17540,294
17552,296
17563,295
17574,295
17586,295
17597,295
17608,295
17620,295
17632,296
17643,296
17654,295
17666,295
17677,295
17689,294
17700,295
17712,296
17723,296
17734,294
17745,296
17758,296
17769,295
17780,295
17792,296
17803,295
17814,295
17826,296
17838,295
17849,295
17860,295
17871,295
17884,295
17895,295
17906,295
17917,296
17929,295
17940,296
17952,297
17964,295
17975,295
17986,295
17997,294
18009,294
18021,296
18032,296
18043,295
18055,295
18066,295
18077,296
18089,294
18101,295
18112,295
18123,295
18135,294
18146,297
18158,295
18169,295
18181,295
18192,296
18203,295
18215,295
18227,295
18238,295
18249,295
18260,296
18272,295
18284,295
18295,295
18307,296
18318,295
18329,295
18340,296
18353,295
18364,296
18375,297
18386,296
18398,295
18409,295
18421,295
18433,296
18444,296
18455,295
18466,296
18478,295
18490,295
18501,296
18512,295
18524,295
18535,295
18546,296
18558,296
18570,296
18581,297
18592,296
18604,295
18616,296
18627,295
18638,294
18650,296
18661,296
18672,295
18684,295
18696,296
18707,296
18718,295
18729,295
18741,296
18753,296
18764,296
18776,297
18787,296
18798,295
18809,297
18822,296
18833,295
18844,295
18855,296
18867,295
18878,295
18890,295
18902,296
18913,295
18924,296
18935,296
18948,296
18959,295
18970,298
18981,296
18993,296
19004,295
19016,296
19027,297
19039,296
19050,295
19061,297
19073,296
19085,297
19096,297
19107,296
19119,295
19130,297
19141,297
19153,296
19165,296
19176,296
19187,296
19198,296
19210,296
19222,296
19233,297
19245,296
19256,296
19267,296
19278,295
19291,296
19302,296
19313,295
19324,297
19336,297
19348,296
19359,296
19371,295
19382,295
19393,296
19404,296
19417,296
19428,295
19439,297
19450,297
19462,295
19473,296
19485,296
19496,297
19508,296
19519,295
19530,297
19542,295
19554,296
19565,296
19576,296
19588,295
19599,296
19610,297
19622,296
19634,296
19645,296
19656,297
19667,297
19680,297
19691,296
19702,296
19714,296
19725,296
19736,296
19748,296
19760,297
19771,297
19782,296
19793,296
19805,296
19817,296
19828,297
19840,297
19851,296
19862,297
19873,296
19886,296
19897,295
19908,296
19919,296
19931,296
19942,296
19954,296
19965,295
19977,295
19988,296
19999,296
20011,297
20023,297
20034,296
20045,296
20057,295
20068,297
20080,296
20091,296
20103,296
20114,297
20125,295
20136,296
20149,296
20160,296
20171,296
20183,296
20194,296
20205,296
20217,295
20229,295
20240,295
20251,296
20262,295
20274,295
20286,295
20297,296
20308,294
20320,294
20331,295
20342,295
20355,294
20366,294
20377,295
20388,293
20400,293
20412,294
20423,293
20434,293
20446,292
20457,293
20468,292
20481,293
20492,293
20503,292
20514,292
20526,292
20537,292
20549,292
20560,292
20572,292
20583,291
20594,291
20605,291
20618,290
20629,290
20640,291
20652,291
20663,290
20674,290
20686,289
20698,290
20709,289
20720,289
20731,290
20743,290
20755,289
20766,290
20777,288
20789,289
20800,289
20812,289
20824,288
20835,288
20846,289
20857,289
20869,288
20881,288
20892,288
20903,288
20915,288
20926,288
20937,288
20950,287
20961,288
20972,287
20983,287
20995,286
21006,286
21018,286
21029,287
21041,286
21052,286
21063,287
21074,285
21087,285
21098,286
21109,286
21121,286
21132,284
21144,285
21155,285
21167,285
21178,284
21189,285
21200,284
21213,284
21224,285
21235,285
21246,284
21258,284
21269,284
21281,284
21293,284
21304,284
21315,285
21326,284
21338,284
21350,283
21361,283
21372,283
21384,283
21395,282
21406,282
21419,283
21430,282
21441,282
21452,283
21464,282
21475,281
21487,282
21498,282
21510,282
21521,281
21532,282
21544,281
21556,282
21567,281
21578,281
21590,281
21601,281
21613,281
21624,281
21636,280
21647,280
21658,281
21669,281
21682,280
21693,280
21704,280
21715,280
21727,280
21738,279
21750,280
21762,280
21773,280
21784,279
21795,280
21807,279
21819,278
21830,279
21841,279
21853,279
21864,278
21876,279
21888,278
21899,278
21910,279
21921,278
21933,279
21945,278
21956,278
21967,278
21979,278
21990,277
22001,278
22013,278
22025,277
22036,278
22047,277
22059,279
22070,277
22082,277
22093,277
22105,276
22116,277
22127,276
22138,276
22151,276
22162,276
22173,277
22184,276
22196,276
22207,277
22219,276
22231,276
22242,275
22253,276
22264,276
22277,275
22288,276
22299,276
22310,275
22322,275
22333,274
22345,275
22356,275
22368,275
22379,274
22390,274
22402,276
22414,275
22425,274
22436,274
22448,275
22459,274
22470,274
22482,275
22494,274
22505,273
22516,275
22528,273
22539,273
22551,273
22562,274
22574,274
22585,274
22596,273
22608,273
22620,272
22631,273
22642,273
22653,273
22665,272
22677,272
22688,273
22700,273
22711,272
22722,272
22733,273
22746,273
22757,272
22768,273
22779,274
22791,271
22802,273
22814,272
22825,272
22837,271
22848,272
22859,271
22871,271
22883,272
22894,271
22905,271
22917,271
22928,271
22939,270
22951,271
22963,272
22974,271
22985,271
22996,270
23009,270
23020,270
23031,270
23043,271
23054,270
23065,270
23077,271
23089,270
23100,270
23111,270
23122,271
23134,270
23146,270
23157,269
23169,270
23180,270
23191,269
23202,270
23215,270
23226,270
23237,271
23248,270
23260,270
23271,269
23283,269
23294,269
23306,271
23317,269
23328,269
23341,269
23352,269
23363,270
23374,269
23386,270
23397,269
23409,269
23420,269
23432,269
23443,269
23454,268
23465,268
23478,270
23489,270
23500,269
23512,268
23523,269
23534,269
23546,269
23558,269
23569,267
23580,268
23591,268
23603,267
23615,268
23626,268
23638,269
23649,268
23660,268
23671,268
23684,268
23695,268
23706,268
23717,268
23729,267
23741,268
23752,269
23763,268
23775,269
23786,268
23797,267
23810,268
23821,267
23832,267
23843,268
23855,267
23866,268
23878,267
23889,267
23901,267
23912,267
23923,268
23934,267
23947,267
23958,268
23969,267
23981,267
23992,266
24003,267
24015,268
24027,268
24038,267
24049,267
24060,266
24073,267
24084,266
24095,266
24107,267
24118,267
24129,266
24141,267
24153,266
24164,267
24175,267
24186,267
24198,267
24210,267
24221,267
24232,268
24244,266
24255,267
24266,266
24279,267
24290,267
24301,266
24312,267
24324,267
24335,266
24347,267
24358,265
24370,267
24381,266
24392,266
24403,267
24416,265
24427,266
24438,266
24450,265
24461,266
24473,266
24484,265
24496,266
24507,265
24518,266
24529,265
24542,266
24553,266
24564,266
24576,265
24587,265
24598,265
24610,266
24622,265
24633,265
24644,266
24655,266
24667,265
24679,266
24690,265
24701,265
24713,265
24724,265
24735,265
24748,264
24759,265
24770,265
24781,266
24793,265
24805,264
24816,265
24827,264
24839,264
24850,264
24861,265
24873,265
24885,266
24896,265
24907,264
24919,264
24930,264
24942,265
24953,264
24965,263
24976,263
24987,265
24998,264
25011,263
25022,264
25033,264
25044,263
25056,264
25067,264
25079,263
25091,263
25102,263
25113,263
25124,263
25136,262
25148,264
25159,263
25170,263
25182,263
25193,263
25205,262
25217,263
25228,263
25239,262
25250,262
25262,262
25274,263
25285,262
25296,262
25308,263
25319,262
25330,262
25342,262
25354,262
25365,262
25376,263
25388,262
25399,262
25411,262
25422,262
25434,262
25445,262
25456,262
25467,262
25480,262
25491,262
25502,262
25513,261
25525,262
25537,261
25548,261
25560,262
25571,262
25582,262
25593,261
25606,261
25617,262
25628,262
25639,263
25651,261
25662,261
25674,261
25686,261
25697,261
25708,260
25719,261
25731,261
25743,261
25754,260
25765,260
25777,261
25788,261
25799,260
25811,261
25823,261
25834,261
25845,261
25857,260
25868,260
25880,260
25891,262
25903,260
25914,260
25925,259
25937,261
25949,260
25960,260
25971,260
25982,260
25994,260
26006,260
26017,260
26029,259
26040,261
26051,260
26062,261
26075,260
26086,261
26097,261
26108,260
26120,260
26131,259
26143,260
26155,261
26166,259
26177,260
26188,260
26200,260
26212,259
26223,260
26234,260
26246,260
26257,259
26269,260
26280,259
26292,259
26303,259
26314,259
26326,260
26338,259
26349,259
26360,259
26372,259
26383,259
26394,258
26406,259
26418,259
26429,259
26440,258
26451,259
26463,259
26475,259
26486,258
26498,258
26509,259
26520,259
26531,259
26544,259
26555,259
26566,258
26577,258
26589,259
26600,258
26612,259
26624,258
26635,259
26646,258
26657,259
26670,259
26681,259
26692,259
26703,257
26715,259
26726,257
26738,257
26749,258
26761,258
26772,259
26783,258
26795,258
26807,258
26818,258
26829,258
26841,257
26852,258
26863,258
26875,258
26887,258
26898,258
26909,258
26920,259
26932,257
26944,257
26955,257
26967,258
26978,257
26989,257
27001,258
27013,258
27024,257
27035,259
27046,257
27058,257
27070,258
27081,258
27092,257
27104,257
27115,257
27126,257
27139,258
27150,257
27161,258
27172,256
27184,257
27195,257
27207,256
27218,258
27230,257
27241,258
27252,256
27264,256
27276,257
27287,256
27298,256
27310,256
27321,256
27332,258
27344,256
27356,257
27367,257
27378,256
27389,257
27402,257
27413,257
27424,257
27436,257
27447,256
27458,257
27470,257
27482,256
27493,256
27504,257
27515,257
27527,256
27539,256
27550,257
27561,256
27573,256
27584,256
27595,257
27608,257
27619,256
27630,256
27641,256
27653,256
27664,257
27676,256
27687,256
27699,256
27710,256
27721,255
27734,256
27745,257
27756,256
27767,256
27779,255
27790,256
27802,255
27813,256
27825,255
27836,255
27847,255
27858,255
27871,256
27882,255
27893,255
27905,256
27916,256
27927,255
27939,255
27951,256
27962,255
27973,255
27984,256
27996,256
28008,255
28019,255
28030,255
28042,256
28053,255
28064,256
28077,256
28088,256
28099,255
28110,256
28122,255
28134,254
28145,255
28156,256
28168,254
28179,255
28190,256
28203,255
28214,255
28225,254
28236,256
28248,255
28259,256
28271,256
28282,256
28294,254
28305,255
28316,255
28327,254
28340,255
28351,254
28362,254
28374,254
28385,255
28396,254
28408,254
28420,255
28431,255
28442,254
28453,256
28466,254
28477,255
28488,254
28499,255
28511,255
28522,254
28534,255
28546,254
28557,254
28568,254
28579,254
28591,254
28603,254
28614,254
28625,254
28637,255
28648,255
28659,254
28672,254
28683,255
28694,254
28705,255
28717,254
28728,254
28740,254
28751,255
28763,253
28774,255
28785,254
28796,255
28809,255
28820,253
28831,254
28843,254
28854,254
28866,254
28877,254
28889,255
28900,254
28911,254
28922,254
28935,253
28946,255
28957,254
28968,255
28980,253
28991,253
29003,254
29015,254
29026,254
29037,253
29048,253
29060,253
29072,254
29083,254
29094,254
29106,253
29117,253
29128,254
29140,253
29152,253
29163,254
29174,255
29186,254
29198,253
29209,253
29220,254
29232,253
29243,254
29254,253
29266,253
29278,254
29289,255
29300,253
29312,253
29323,253
29335,254
29346,253
29358,253
29369,253
29380,253
29391,252
29404,253
29415,253
29426,253
29437,253
29449,254
29460,253
29472,253
29484,253
29495,253
29506,254
29517,253
29529,253
29541,252
29552,253
29563,254
29575,253
29586,253
29598,253
29609,254
29621,252
29632,252
29643,253
29655,252
29667,252
29678,253
29689,252
29701,253
29712,253
29723,253
29735,253
29747,253
29758,253
29769,252
29780,252
29792,253
29804,253
29815,253
29827,253
29838,252
29849,253
29860,252
29873,252
29884,252
29895,252
29906,253
29918,252
29930,253
29941,252
29953,252
29964,253
29975,253
29986,252
29999,252
30010,254
30021,253
30032,251
30044,252
30055,253
30067,252
30078,252
30090,252
30101,252
30112,253
30124,252
30136,252
30147,253
30158,252
30170,252
30181,253
30192,252
30204,252
30216,252
30227,252
30238,252
30249,252
30261,251
30273,251
30284,253
30296,253
30307,252
30318,251
30330,252
30342,252
30353,253
30364,252
30375,253
30387,252
30399,252
30410,252
30422,252
30433,252
30444,252
30455,251
30468,252
30479,252
30490,253
30501,252
30513,251
30524,252
30536,251
30547,251
30559,251
30570,252
30581,252
30593,251
30605,252
30616,252
30627,251
30639,253
30650,251
30662,252
30673,252
30685,251
30696,252
30707,251
30718,251
30731,251
30742,253
30753,253
30765,251
30776,251
30787,252
30799,251
30811,252
30822,251
30833,251
30844,251
30856,252
30868,251
30879,251
30891,251
30902,251
30913,251
30924,252
30937,251
30948,251
30959,251
30970,251
30982,251
30993,251
31005,251
31016,251
31028,251
31039,251
31050,251
31063,251
31074,252
31085,250
31096,251
31108,251
31119,251
31131,252
31142,250
31154,251
31165,251
31176,251
31187,251
31200,251
31211,250
31222,251
31234,251
31245,251
31256,251
31268,251
31280,251
31291,251
31302,251
31313,251
31325,250
31337,252
31348,250
31360,251
31371,251
31382,251
31394,251
31406,250
31417,251
31428,250
31439,250
31451,250
31463,250
31474,251
31485,250
31497,252
31508,251
31519,251
31532,250
31543,251
31554,251
31565,251
31577,250
31588,251
31600,251
31611,251
31623,251
31634,251
31645,250
31656,250
31669,250
31680,251
31691,250
31703,251
31714,250
31725,250
31737,250
31749,250
31760,250
31771,251
31782,251
31795,250
31806,251
31817,250
31828,251
31840,250
31851,250
31863,250
31875,250
31886,251
31897,251
31908,249
31920,250
31932,250
31943,251
31954,250
31966,249
31977,251
31988,250
32001,250
32012,249
32023,250
32034,251
32046,251
32057,250
32069,249
32080,249
32092,251
32103,249
32114,250
32126,250
32138,250
32149,250
32160,249
32172,250
32183,250
32195,250
32206,250
32218,250
32229,251
32240,250
32251,250
32264,250
32275,250
32286,250
32297,249
32309,250
32320,250
32332,249
32344,251
32355,249
32366,249
32377,249
32389,249
32401,250
32412,249
32423,249
32435,250
32446,249
32457,249
32470,250
32481,250
32492,250
32503,250
32515,249
32527,249
32538,249
32549,249
32561,249
32572,249
32583,250
32595,250
32607,249
32618,250
32629,249
32641,249
32652,249
32664,250
32675,250
32687,250
32698,250
32709,250
32720,249
32733,250
32744,249
32755,249
32766,250
32778,249
32789,249
32801,249
32813,250
32824,249
32835,250
32846,249
32859,249
32870,249
32881,249
32892,249
32904,250
32915,250
32927,249
32939,250
32950,249
