Time,Bits
10,58
16,85
22,114
27,145
33,171
39,197
44,224
50,253
55,278
61,271
67,271
72,270
78,266
84,259
89,258
95,257
101,255
106,249
112,247
118,245
123,243
129,238
135,234
140,232
146,229
152,227
157,221
163,219
169,216
174,214
180,211
186,209
191,207
197,204
203,202
209,199
214,197
220,195
226,194
231,192
237,189
243,188
248,187
254,186
260,186
265,185
271,184
277,184
283,184
288,184
294,184
300,184
305,185
311,185
317,185
322,186
328,187
334,188
339,190
345,189
351,191
357,193
362,195
368,198
374,199
379,201
385,203
391,206
396,210
402,213
408,216
414,219
419,223
425,227
431,230
436,233
442,236
448,240
453,242
459,245
465,249
470,252
476,257
482,257
488,260
493,264
499,268
505,273
510,274
516,277
522,281
527,285
533,289
539,290
545,292
550,296
556,300
562,301
567,303
573,306
579,310
584,315
590,315
596,318
601,321
607,325
613,329
618,328
624,331
630,334
636,337
641,339
647,338
653,341
658,343
664,347
670,346
675,346
681,348
687,350
692,354
698,353
704,353
710,355
715,357
721,358
727,357
732,359
738,360
744,362
749,362
755,360
761,361
766,363
772,365
778,364
784,362
789,363
795,363
801,365
806,364
812,362
818,362
823,363
829,363
835,361
841,359
846,359
852,359
858,358
863,356
869,355
875,354
880,354
886,352
892,349
897,348
903,348
909,347
915,344
920,340
926,340
932,339
937,338
943,335
949,330
954,329
960,327
966,326
972,322
977,319
983,317
989,315
994,313
1000,308
1006,307
1012,304
1017,301
1023,297
1029,296
1035,294
1040,290
1046,286
1052,281
1057,280
1063,278
1069,275
1075,271
1080,266
1086,261
1092,262
1098,258
1103,255
1109,250
1115,245
1121,245
1126,242
1132,239
1138,235
1144,231
1149,227
1155,225
1161,222
1167,219
1172,215
1178,211
1184,210
1190,208
1195,205
1201,203
1207,200
1213,198
1218,196
1224,195
1230,193
1236,191
1241,189
1247,189
1253,187
1259,186
1264,185
1270,184
1276,185
1282,184
1287,184
1293,184
1299,184
1305,183
1310,185
1316,186
1322,186
1328,187
1333,188
1339,190
1345,191
1351,192
1356,194
1362,195
1368,197
1374,202
1379,204
1385,206
1391,208
1397,210
1402,216
1408,218
1414,220
1420,222
1425,225
1431,227
1437,234
1443,236
1448,238
1454,240
1460,243
1465,250
1471,254
1477,256
1483,258
1489,260
1494,263
1500,271
1506,272
1512,274
1517,276
1523,278
1529,285
1535,290
1540,292
1546,294
1552,295
1557,298
1563,306
1569,307
1575,309
1580,310
1586,311
1592,317
1598,321
1603,323
1609,324
1615,324
1621,328
1626,335
1632,336
1638,336
1644,336
1649,337
1655,342
1661,346
1667,346
1672,346
1678,345
1684,349
1690,354
1695,354
1701,354
1707,353
1713,354
1718,358
1724,360
1730,360
1736,359
1741,357
1747,360
1753,364
1759,363
1764,361
1770,359
1776,361
1782,364
1787,365
1793,363
1799,361
1805,359
1810,362
1816,365
1822,363
1828,361
1833,357
1839,357
1845,360
1851,360
1856,358
1862,354
1868,351
1874,353
1879,356
1885,353
1891,350
1897,346
1902,345
1908,347
1914,346
1920,343
1925,339
1931,335
1937,336
1942,337
1948,334
1954,330
1960,326
1965,324
1971,325
1977,322
1983,318
1989,313
1994,308
2000,308
2006,308
2012,305
2017,301
2023,296
2029,292
2035,296
2040,292
2046,288
2052,284
2057,278
2063,277
2069,275
2075,271
2080,267
2086,263
2092,258
2098,259
2103,255
2109,252
2115,248
2121,243
2126,242
2132,239
2138,235
2144,231
2149,227
2155,223
2161,222
2167,219
2172,216
2178,213
2184,209
2190,209
2195,207
2201,205
2207,202
2213,199
2218,196
2224,195
2230,193
2236,191
2241,189
2247,187
2253,187
2259,187
2264,186
2270,185
2276,184
2282,185
2287,184
2293,184
2299,185
2305,185
2310,185
2316,186
2322,187
2328,187
2333,188
2339,189
2345,191
2351,194
2356,195
2362,196
2368,198
2374,200
2379,205
2385,206
2391,208
2397,210
2402,212
2408,216
2414,221
2420,223
2425,225
2431,228
2437,231
2443,238
2448,240
2454,242
2460,245
2466,247
2471,252
2477,257
2483,259
2489,261
2494,263
2500,265
2506,274
2512,277
2517,280
2523,281
2529,283
2535,288
2540,295
2546,296
2552,298
2558,299
2563,300
2569,308
2575,311
2581,312
2586,313
2592,315
2598,320
2603,326
2609,327
2615,328
2621,328
2626,330
2632,336
2638,339
2644,339
2649,339
2655,338
2661,343
2667,348
2672,348
2678,347
2684,347
2690,349
2695,354
2701,356
2707,356
2713,355
2718,355
2724,358
2730,362
2736,361
2741,360
2747,358
2753,361
2759,364
2764,364
2770,363
2776,361
2782,361
2787,363
2793,366
2799,364
2805,362
2810,359
2816,361
2822,364
2828,363
2833,361
2839,357
2845,356
2851,358
2856,360
2862,357
2868,354
2874,350
2879,351
2885,354
2891,352
2897,348
2902,344
2908,342
2914,343
2920,343
2925,340
2931,337
2937,332
2943,331
2948,334
2954,331
2960,327
2966,323
2971,319
2977,321
2983,319
2989,316
2994,312
3000,306
3006,305
3012,307
3017,303
3023,299
3029,294
3035,289
3040,290
3046,288
3052,284
3058,279
3063,274
3069,271
3075,271
3081,268
3086,264
3092,260
3098,255
3104,256
3109,253
3115,249
3121,245
3126,240
3132,237
3138,235
3144,231
3149,228
3155,224
3161,219
3167,219
3172,216
3178,213
3184,211
3190,207
3195,206
3201,203
3207,201
3213,199
3218,196
3224,193
3230,193
3236,191
3241,190
3247,188
3253,187
3259,187
3264,186
3270,186
3276,185
3282,184
3287,184
3293,184
3299,184
3305,184
3310,184
3316,185
3322,187
3328,187
3333,188
3339,189
3345,190
3351,192
3356,196
3362,197
3368,199
3374,200
3379,202
3385,207
3391,209
3397,211
3402,213
3408,215
3414,217
3420,224
3425,226
3431,229
3437,231
3443,234
3448,240
3454,244
3460,246
3466,249
3471,251
3477,253
3483,261
3489,263
3494,265
3500,267
3506,268
3512,274
3517,280
3523,282
3529,283
3535,285
3540,287
3546,295
3552,298
3558,300
3563,301
3569,303
3575,309
3581,314
3586,316
3592,317
3598,318
3604,321
3609,327
3615,329
3621,330
3627,330
3632,330
3638,335
3644,339
3650,340
3655,340
3661,340
3667,343
3673,349
3678,350
3684,350
3690,349
3696,350
3701,354
3707,357
3713,357
3718,356
3724,354
3730,357
3736,361
3741,361
3747,360
3753,358
3759,359
3764,362
3770,364
3776,363
3782,360
3787,358
3793,361
3799,365
3805,363
3810,361
3816,358
3822,358
3828,361
3833,363
3839,360
3845,357
3851,354
3856,356
3862,359
3868,356
3874,353
3879,349
3885,348
3891,350
3897,350
3902,347
3908,343
3914,339
3920,339
3925,342
3931,339
3937,335
3943,331
3948,328
3954,329
3960,328
3966,325
3971,321
3977,315
3983,315
3989,317
3994,313
4000,309
4006,304
4012,300
4017,302
4023,300
4029,296
4035,292
4040,286
4046,284
4052,284
4058,281
4063,277
4069,272
4075,267
4081,268
4086,264
4092,261
4098,257
4104,252
4109,249
4115,247
4121,244
4127,240
4132,236
4138,231
4144,232
4150,229
4155,226
4161,222
4167,219
4173,216
4178,214
4184,211
4190,208
4196,205
4201,201
4207,200
4213,198
4219,196
4224,194
4230,192
4236,192
4242,190
4247,189
4253,188
4259,187
4265,186
4270,186
4276,185
4282,185
4288,185
4293,184
4299,185
4305,185
4311,185
4316,186
4322,186
4328,187
4334,190
4339,191
4345,191
4351,193
4357,194
4362,198
4368,199
4374,200
4380,202
4385,204
4391,206
4397,212
4403,214
4408,216
4414,219
4420,221
4426,228
4431,230
4437,232
4443,234
4449,237
4454,239
4460,246
4466,248
4472,250
4477,252
4483,254
4489,263
4495,267
4500,269
4506,271
4512,273
4518,277
4523,284
4529,285
4535,287
4541,289
4546,290
4552,297
4558,302
4563,303
4569,305
4575,306
4581,310
4586,317
4592,319
4598,319
4604,320
4609,321
4615,326
4621,331
4627,331
4632,332
4638,332
4644,335
4650,342
4655,342
4661,343
4667,342
4673,343
4678,348
4684,351
4690,351
4696,350
4701,349
4707,353
4713,358
4719,357
4724,356
4730,355
4736,356
4742,360
4747,362
4753,361
4759,359
4765,357
4770,360
4776,364
4782,363
4788,361
4793,358
4799,358
4805,362
4811,363
4816,361
4822,359
4828,356
4834,358
4839,362
4845,360
4851,357
4857,353
4862,353
4868,355
4874,355
4880,353
4885,349
4891,345
4897,346
4903,349
4908,346
4914,343
4920,338
4926,336
4931,338
4937,337
4943,334
4949,330
4954,324
4960,324
4966,326
4972,323
4977,319
4983,315
4989,311
4995,313
5000,312
5006,308
5012,304
5018,298
5023,296
5029,297
5035,294
5041,290
5046,285
5052,279
5058,281
5064,277
5069,274
5075,269
5081,264
5087,261
5092,260
5098,257
5104,253
5110,248
5115,243
5121,244
5127,241
5133,237
5138,234
5144,229
5150,227
5156,225
5161,222
5167,219
5173,216
5179,211
5184,210
5190,208
5196,206
5202,203
5207,200
5213,198
5219,196
5225,194
5230,193
5236,191
5242,189
5248,188
5253,187
5259,186
5265,185
5271,185
5276,185
5282,185
5288,184
5294,184
5299,184
5305,184
5311,185
5317,185
5322,186
5328,186
5334,187
5340,190
5345,191
5351,193
5357,194
5363,195
5368,197
5374,201
5380,203
5386,205
5391,207
5397,209
5403,213
5409,217
5414,219
5420,222
5426,224
5432,226
5437,233
5443,235
5449,237
5455,240
5460,242
5466,247
5472,253
5478,255
5483,257
5489,259
5495,261
5501,270
5506,274
5512,275
5518,277
5524,279
5529,284
5535,290
5541,292
5547,294
5552,295
5558,296
5564,303
5570,307
5575,308
5581,310
5587,311
5592,315
5598,322
5604,322
5610,323
5615,324
5621,326
5627,332
5633,335
5638,336
5644,336
5650,336
5656,340
5661,345
5667,345
5673,345
5679,345
5684,347
5690,351
5696,353
5702,353
5707,352
5713,352
5719,355
5725,360
5730,359
5736,358
5742,357
5748,359
5753,362
5759,363
5765,362
5771,360
5776,359
5782,362
5788,365
5794,363
5799,361
5805,358
5811,360
5817,363
5822,363
5828,360
5834,357
5840,356
5845,358
5851,360
5857,357
5863,354
5868,350
5874,351
5880,353
5886,352
5891,349
5897,345
5903,342
5909,343
5914,344
5920,341
5926,338
5932,333
5937,332
5943,334
5949,331
5955,328
5960,324
5966,320
5972,321
5978,321
5983,318
5989,314
5995,308
6001,306
6006,308
6012,305
6018,301
6024,296
6029,291
6035,291
6041,289
6047,286
6052,281
6058,277
6064,273
6070,274
6075,270
6081,266
6087,262
6093,257
6098,256
6104,253
6110,250
6116,246
6121,241
6127,237
6133,237
6139,234
6144,230
6150,226
6156,222
6161,221
6167,219
6173,216
6179,213
6184,209
6190,207
6196,205
6202,203
6207,200
6213,198
6219,195
6225,194
6230,193
6236,191
6242,189
6248,187
6253,187
6259,185
6265,185
6271,184
6276,183
6282,182
6288,183
6294,183
6299,183
6305,183
6311,184
6317,185
6322,187
6328,188
6334,188
6340,189
6345,190
6351,193
6357,195
6363,196
6368,197
6374,199
6380,202
6386,206
6391,207
6397,209
6403,211
6409,213
6414,219
6420,220
6426,222
6432,225
6438,227
6443,230
6449,237
6455,239
6460,241
6466,244
6472,246
6478,254
6483,258
6489,260
6495,262
6501,264
6507,267
6512,275
6518,276
6524,278
6530,279
6535,281
6541,289
6547,294
6553,295
6558,297
6564,298
6570,302
6575,309
6581,310
6587,312
6593,313
6598,313
6604,319
6610,323
6616,324
6621,325
6627,325
6633,329
6639,336
6644,336
6650,336
6656,336
6662,338
6667,343
6673,346
6679,346
6685,346
6690,345
6696,348
6702,354
6708,353
6713,352
6719,351
6725,353
6731,356
6736,358
6742,357
6748,356
6754,355
6759,358
6765,362
6771,361
6777,359
6782,357
6788,358
6794,361
6800,362
6805,360
6811,357
6817,356
6823,358
6828,361
6834,359
6840,356
6846,353
6851,353
6857,356
6863,356
6869,353
6874,349
6880,346
6886,348
6892,350
6897,347
6903,344
6909,339
6915,338
6920,340
6926,338
6932,335
6938,331
6943,327
6949,328
6955,329
6961,326
6966,322
6972,317
6978,315
6984,317
6989,314
6995,310
7001,305
7007,299
7012,299
7018,299
7024,296
7030,291
7035,286
7041,282
7047,284
7053,281
7058,277
7064,273
7070,267
7076,265
7081,263
7087,260
7093,256
7098,252
7104,246
7110,248
7116,245
7122,241
7127,237
7133,232
7139,231
7144,228
7150,224
7156,221
7162,217
7167,212
7173,211
7179,209
7185,206
7190,203
7196,200
7202,199
7208,197
7213,195
7219,193
7225,190
7231,188
7236,188
7242,186
7248,185
7254,183
7259,182
7265,183
7271,182
7277,181
7282,181
7288,181
7294,180
7300,181
7305,182
7311,182
7317,182
7323,183
7328,185
7334,186
7340,187
7346,188
7351,189
7357,191
7363,195
7369,196
7374,198
7380,200
7386,202
7392,206
7397,209
7403,211
7409,213
7415,216
7420,218
7426,225
7432,227
7438,229
7443,232
7449,234
7455,241
7461,245
7466,247
7472,249
7478,252
7484,254
7489,262
7495,263
7501,265
7507,267
7513,269
7518,275
7524,281
7530,283
7535,284
7541,286
7547,288
7553,296
7558,299
7564,300
7570,302
7576,303
7581,309
7587,315
7593,316
7599,317
7604,318
7610,320
7616,326
7622,329
7627,330
7633,330
7639,329
7645,334
7650,339
7656,339
7662,339
7668,339
7673,342
7679,347
7685,349
7691,349
7696,348
7702,348
7708,352
7714,356
7719,355
7725,354
7731,353
7737,356
7742,359
7748,360
7754,359
7760,357
7765,357
7771,359
7777,362
7783,361
7788,359
7794,356
7800,358
7806,362
7811,362
7817,359
7823,356
7829,355
7834,357
7840,360
7846,358
7852,354
7857,350
7863,351
7869,354
7875,353
7880,350
7886,346
7892,343
7898,345
7903,347
7909,344
7915,340
7921,336
7926,334
7932,337
7938,335
7944,331
7949,327
7955,322
7961,323
7967,324
7972,320
7978,316
7984,312
7990,309
7995,311
8001,308
8007,304
8013,300
8018,294
8024,293
8030,294
8036,290
8041,286
8047,281
8053,276
8059,278
8064,275
8070,271
8076,267
8082,262
8087,259
8093,258
8099,254
8105,250
8110,246
8116,241
8122,241
8128,238
8133,235
8139,231
8145,226
8151,225
8156,221
8162,219
8168,215
8174,212
8179,207
8185,207
8191,204
8197,201
8202,199
8208,195
8214,195
8220,193
8225,191
8231,189
8237,187
8243,185
8248,185
8254,184
8260,183
8266,182
8271,181
8277,182
8283,181
8289,181
8294,181
8300,181
8306,181
8312,182
8317,182
8323,183
8329,184
8335,185
8340,188
8346,188
8352,189
8358,191
8363,192
8369,194
8375,199
8381,200
8386,202
8392,204
8398,207
8404,212
8409,216
8415,218
8421,220
8427,223
8432,225
8438,232
8444,234
8450,236
8455,238
8461,241
8467,247
8473,252
8478,254
8484,256
8490,258
8496,260
8501,268
8507,271
8513,273
8519,275
8524,276
8530,282
8536,288
8542,290
8547,291
8553,293
8559,295
8565,303
8570,305
8576,307
8582,308
8588,309
8593,314
8599,320
8605,321
8611,322
8616,322
8622,324
8628,331
8634,334
8639,334
8645,334
8651,333
8657,338
8662,344
8668,344
8674,343
8680,343
8685,345
8691,349
8697,352
8703,351
8708,350
8714,350
8720,353
8725,358
8731,357
8737,356
8743,354
8748,356
8754,359
8760,361
8766,359
8772,357
8777,355
8783,358
8789,362
8795,360
8800,358
8806,354
8812,355
8818,359
8823,360
8829,357
8835,354
8841,352
8846,354
8852,358
8858,355
8864,352
8869,348
8875,347
8881,350
8887,350
8892,347
8898,344
8904,339
8910,340
8915,343
8921,340
8927,336
8933,332
8938,329
8944,331
8950,329
8956,326
8961,322
8967,316
8973,316
8979,318
8984,314
8990,310
8996,305
9002,302
9007,304
9013,302
9019,298
9025,293
9030,287
9036,286
9042,286
9048,283
9053,279
9059,274
9065,269
9070,271
9076,268
9082,264
9088,260
9093,256
9099,253
9105,251
9111,247
9116,243
9122,239
9128,233
9134,234
9139,231
9145,228
9151,224
9157,219
9162,218
9168,215
9174,212
9180,209
9185,205
9191,201
9197,201
9203,198
9208,196
9214,194
9220,191
9226,190
9231,189
9237,188
9243,186
9249,184
9254,183
9260,183
9266,182
9272,181
9277,181
9283,180
9289,181
9295,181
9300,181
9306,181
9312,181
9318,182
9323,184
9329,185
9335,185
9341,186
9346,188
9352,191
9358,191
9364,193
9369,194
9375,196
9381,198
9387,203
9392,205
9398,207
9404,209
9410,212
9415,218
9421,220
9427,222
9433,225
9438,227
9444,230
9450,237
9456,239
9461,242
9467,244
9473,246
9479,253
9484,258
9490,260
9496,262
9502,264
9507,266
9513,275
9519,277
9525,279
9530,281
9536,282
9542,288
9548,294
9553,296
9559,297
9565,299
9571,301
9576,308
9582,311
9588,312
9594,313
9599,313
9605,319
9611,324
9617,325
9622,325
9628,326
9634,328
9640,334
9645,337
9651,337
9657,337
9663,337
9668,341
9674,346
9680,346
9686,346
9691,344
9697,346
9703,351
9709,353
9714,353
9720,352
9726,351
9732,354
9737,359
9743,358
9749,356
9755,354
9760,356
9766,360
9772,361
9778,359
9783,357
9789,356
9795,358
9801,362
9806,360
9812,358
9818,355
9824,355
9829,359
9835,359
9841,356
9847,353
9852,351
9858,352
9864,355
9870,353
9875,349
9881,345
9887,344
9893,347
9898,346
9904,343
9910,339
9916,335
9921,336
9927,338
9933,335
9939,332
9944,327
9950,325
9956,327
9962,325
9967,322
9973,317
9979,312
9985,311
9990,313
9996,309
10002,305
10008,300
10014,295
10019,296
10025,297
10031,293
10037,287
10042,281
10048,277
10054,278
10060,279
10066,274
10071,268
10077,262
10083,257
10089,257
10095,257
10100,253
10106,249
10112,243
10118,237
10124,236
10129,235
10135,234
10141,229
10147,225
10153,219
10158,218
10164,217
10170,216
10176,213
10182,209
10187,205
10193,201
10199,200
10205,199
10211,196
10216,194
10222,191
10228,188
10234,187
10240,186
10245,185
10251,184
10257,182
10263,181
10269,181
10275,181
10280,181
10286,180
10292,180
10298,180
10304,179
10309,180
10315,181
10321,183
10327,183
10333,184
10338,184
10344,186
10350,189
10356,192
10362,193
10367,194
10373,195
10379,196
10385,200
10391,204
10396,209
10402,210
10408,212
10414,213
10420,218
10425,222
10431,229
10437,230
10443,231
10449,232
10454,233
10460,239
10466,246
10472,250
10478,251
10483,252
10489,253
10495,259
10501,265
10507,272
10512,274
10518,275
10524,274
10530,277
10536,283
10541,292
10547,296
10553,295
10559,295
10565,294
10570,300
10576,308
10582,313
10588,314
10594,313
10599,310
10605,313
10611,321
10617,327
10623,330
10628,328
10634,325
10640,326
10646,332
10652,339
10657,343
10663,341
10669,338
10675,336
10681,340
10686,348
10692,353
10698,353
10704,350
10710,346
10715,346
10721,353
10727,359
10733,361
10739,357
10744,352
10750,350
10756,353
10762,360
10768,363
10773,362
10779,356
10785,352
10791,352
10797,358
10803,363
10808,363
10814,358
10820,352
10826,350
10832,352
10837,358
10843,360
10849,357
10855,351
10861,346
10866,345
10872,350
10878,354
10884,353
10890,347
10895,340
10901,336
10907,337
10913,342
10919,343
10924,339
10930,332
10936,326
10942,324
10948,328
10953,330
10959,328
10965,322
10971,314
10977,310
10982,311
10988,314
10994,313
11000,307
11006,301
11012,294
11017,292
11023,293
11029,295
11035,290
11040,284
11046,277
11052,272
11058,273
11064,274
11069,271
11075,266
11081,260
11087,254
11093,253
11098,253
11104,252
11110,247
11116,242
11122,236
11127,233
11133,232
11139,232
11145,228
11151,224
11156,219
11162,214
11168,212
11174,211
11180,208
11185,205
11191,201
11197,197
11203,195
11209,194
11214,193
11220,190
11226,188
11232,185
11238,184
11243,183
11249,183
11255,181
11261,180
11267,179
11273,177
11278,177
11284,178
11290,178
11296,178
11302,178
11307,177
11313,178
11319,179
11325,181
11331,181
11336,182
11342,183
11348,183
11354,185
11360,189
11365,193
11371,194
11377,196
11383,197
11389,200
11394,204
11400,209
11406,211
11412,212
11418,214
11423,214
11429,219
11435,225
11441,230
11447,231
11452,232
11458,233
11464,238
11470,244
11476,252
11481,254
11487,255
11493,255
11499,257
11505,263
11511,270
11516,276
11522,276
11528,276
11534,275
11540,280
11545,287
11551,294
11557,295
11563,295
11568,294
11574,295
11580,303
11586,311
11592,315
11597,314
11603,312
11609,312
11615,317
11621,326
11626,330
11632,330
11638,328
11644,326
11650,328
11655,336
11661,342
11667,344
11673,341
11679,337
11684,337
11690,343
11696,350
11702,353
11708,351
11713,347
11719,345
11725,347
11731,355
11737,359
11743,359
11748,354
11754,350
11760,350
11766,356
11772,361
11777,362
11783,358
11789,352
11795,350
11801,352
11806,358
11812,361
11818,360
11824,354
11830,349
11835,348
11841,353
11847,357
11853,357
11859,352
11864,345
11870,341
11876,342
11882,347
11888,349
11893,346
11899,340
11905,334
11911,332
11917,335
11922,339
11928,338
11934,332
11940,324
11946,320
11951,320
11957,324
11963,324
11969,318
11975,312
11981,305
11986,303
11992,305
11998,307
12004,304
12010,298
12015,290
12021,285
12027,286
12033,287
12039,286
12044,280
12050,274
12056,266
12062,264
12068,264
12073,265
12079,260
12085,254
12091,248
12097,243
12102,242
12108,242
12114,237
12120,232
12126,226
12131,220
12137,218
12143,217
12149,215
12155,211
12160,206
12166,201
12172,200
12178,198
12184,197
12189,194
12195,190
12201,187
12207,183
12213,182
12218,181
12224,179
12230,177
12236,175
12242,172
12247,172
12253,172
12259,172
12265,171
12271,170
12276,170
12282,170
12288,171
12294,172
12300,172
12305,172
12311,172
12317,172
12323,174
12329,176
12334,179
12340,180
12346,181
12352,182
12358,185
12363,188
12369,192
12375,194
12381,195
12387,197
12392,199
12398,203
12404,208
12410,214
12416,215
12422,217
12427,218
12433,223
12439,228
12445,235
12451,238
12456,239
12462,240
12468,241
12474,247
12480,253
12485,260
12491,260
12497,261
12503,261
12509,265
12514,271
12520,280
12526,283
12532,283
12538,282
12543,283
12549,290
12555,299
12561,304
12567,303
12572,303
12578,301
12584,305
12590,313
12596,319
12601,320
12607,319
12613,316
12619,318
12625,326
12630,333
12636,336
12642,334
12648,331
12654,330
12659,335
12665,343
12671,347
12677,346
12683,343
12688,341
12694,342
12700,350
12706,356
12712,357
12717,354
12723,349
12729,349
12735,354
12741,360
12746,362
12752,360
12758,355
12764,352
12770,353
12775,361
12781,364
12787,364
12793,359
12799,354
12804,353
12810,358
12816,363
12822,364
12828,360
12833,353
12839,350
12845,351
12851,356
12857,359
12862,357
12868,351
12874,346
12880,344
12886,347
12892,351
12897,351
12903,345
12909,338
12915,333
12921,333
12926,337
12932,338
12938,335
12944,328
12950,322
12955,319
12961,322
12967,325
12973,323
12979,317
12984,310
12990,305
12996,305
13002,307
13008,307
13013,301
13019,295
13025,288
13031,285
13037,286
13042,288
13048,283
13054,277
13060,270
13066,265
13071,266
13077,266
13083,263
13089,258
13095,252
13100,245
13106,244
13112,243
13118,243
13124,238
13129,233
13135,228
13141,224
13147,223
13153,222
13158,218
13164,214
13170,210
13176,205
13182,203
13187,202
13193,200
13199,197
13205,193
13211,189
13216,188
13222,187
13228,186
13234,184
13240,181
13245,179
13251,178
13257,177
13263,177
13269,176
13274,175
13280,174
13286,173
13292,174
13298,174
13303,175
13309,175
13315,175
13321,175
13327,176
13333,178
13338,180
13344,182
13350,183
13356,184
13362,185
13367,187
13373,191
13379,195
13385,197
13391,198
13396,200
13402,203
13408,207
13414,212
13420,215
13425,217
13431,218
13437,219
13443,223
13449,229
13454,235
13460,236
13466,237
13472,238
13478,241
13483,247
13489,255
13495,258
13501,259
13507,259
13512,260
13518,267
13524,274
13530,280
13536,280
13541,280
13547,279
13553,282
13559,290
13565,297
13570,299
13576,299
13582,297
13588,298
13594,306
13599,314
13605,318
13611,316
13617,314
13623,313
13628,317
13634,326
13640,331
13646,331
13652,329
13657,326
13663,327
13669,335
13675,341
13681,343
13686,340
13692,336
13698,335
13704,339
13710,347
13715,350
13721,349
13727,345
13733,342
13739,343
13744,351
13750,356
13756,356
13762,351
13768,346
13773,345
13779,349
13785,355
13791,357
13797,354
13803,347
13808,344
13814,344
13820,351
13826,354
13832,354
13837,348
13843,342
13849,340
13855,343
13861,348
13866,350
13872,345
13878,338
13884,334
13890,334
13895,338
13901,341
13907,339
13913,333
13919,326
13924,323
13930,325
13936,329
13942,329
13948,323
13953,316
13959,310
13965,310
13971,313
13977,314
13982,309
13988,303
13994,296
14000,293
14006,294
14011,297
14017,294
14023,288
14029,282
14035,276
14040,276
14046,277
14052,276
14058,271
14064,265
14069,258
14075,255
14081,255
14087,256
14093,251
14098,246
14104,240
14110,235
14116,234
14122,234
14127,230
14133,225
14139,220
14145,214
14151,213
14156,212
14162,211
14168,208
14174,204
14180,199
14185,197
14191,196
14197,195
14203,193
14209,190
14214,187
14220,183
14226,182
14232,181
14238,180
14243,179
14249,177
14255,175
14261,175
14267,175
14272,175
14278,174
14284,174
14290,173
14296,174
14302,174
14307,176
14313,177
14319,177
14325,177
14331,178
14336,180
14342,182
14348,186
14354,186
14360,188
14365,189
14371,191
14377,194
14383,198
14389,201
14394,202
14400,204
14406,205
14412,209
14418,214
14423,220
14429,222
14435,224
14441,225
14447,228
14452,234
14458,240
14464,244
14470,246
14476,247
14481,247
14487,253
14493,260
14499,266
14505,267
14511,268
14516,268
14522,271
14528,278
14534,286
14539,289
14545,289
14551,289
14557,289
14563,296
14568,304
14574,309
14580,309
14586,308
14592,306
14597,309
14603,317
14609,324
14615,325
14621,324
14626,321
14632,322
14638,329
14644,337
14650,340
14655,338
14661,335
14667,333
14673,337
14679,346
14684,350
14690,350
14696,346
14702,343
14708,345
14713,353
14719,358
14725,359
14731,355
14737,351
14742,350
14748,354
14754,360
14760,363
14766,361
14772,355
14777,352
14783,353
14789,360
14795,364
14801,364
14806,359
14812,353
14818,352
14824,355
14830,361
14835,362
14841,359
14847,353
14853,348
14859,348
14864,353
14870,357
14876,356
14882,350
14888,343
14893,340
14899,342
14905,347
14911,348
14917,343
14922,336
14928,331
14934,330
14940,333
14946,336
14951,333
14957,327
14963,319
14969,315
14975,317
14981,320
14986,320
14992,314
14998,307
15004,301
15010,301
15015,302
15021,303
15027,298
15033,292
15039,284
15044,281
15050,281
15056,283
15062,279
15068,274
15073,268
15079,262
15085,262
15091,262
15097,261
15102,256
15108,251
15114,244
15120,243
15126,242
15131,241
15137,237
15143,233
15149,228
15155,224
15160,223
15166,222
15172,218
15178,215
15184,211
15189,206
15195,205
15201,204
15207,203
15213,200
15218,197
15224,194
15230,194
15236,193
15242,192
15247,191
15253,189
15259,188
15265,186
15271,186
15276,186
15282,187
15288,186
15294,186
15300,185
15305,186
15311,187
15317,188
15323,188
15329,189
15334,189
15340,190
15346,192
15352,195
15358,198
15363,199
15369,201
15375,202
15381,205
15387,209
15392,214
15398,215
15404,216
15410,218
15416,219
15421,223
15427,229
15433,233
15439,234
15445,236
15450,237
15456,242
15462,248
15468,255
15474,256
15480,257
15485,257
15491,260
15497,266
15503,273
15509,277
15514,278
15520,278
15526,278
15532,284
15538,292
15543,298
15549,298
15555,298
15561,296
15567,299
15572,307
15578,314
15584,316
15590,315
15596,314
15601,314
15607,321
15613,329
15619,333
15625,331
15630,329
15636,328
15642,332
15648,340
15654,345
15659,346
15665,343
15671,340
15677,341
15683,349
15688,355
15694,358
15700,354
15706,350
15712,349
15717,352
15723,360
15729,363
15735,362
15741,358
15746,354
15752,355
15758,362
15764,367
15770,367
15775,362
15781,357
15787,355
15793,359
15799,365
15804,367
15810,365
15816,359
15822,355
15828,355
15833,360
15839,364
15845,364
15851,359
15857,352
15863,349
15868,351
15874,356
15880,358
15886,355
15892,348
15897,343
15903,342
15909,346
15915,349
15921,348
15926,342
15932,335
15938,331
15944,332
15950,336
15955,336
15961,330
15967,324
15973,318
15979,316
15984,318
15990,320
15996,317
16002,311
16008,303
16013,299
16019,300
16025,302
16031,300
16037,295
16042,289
16048,283
16054,281
16060,282
16066,282
16071,277
16077,272
16083,265
16089,262
16095,262
16100,262
16106,258
16112,253
16118,247
16124,242
16129,241
16135,241
16141,238
16147,233
16153,229
16158,224
16164,223
16170,222
16176,221
16182,218
16187,214
16193,210
16199,208
16205,207
16211,206
16216,203
16222,201
16228,198
16234,195
16240,194
16245,193
16251,193
16257,192
16263,191
16269,189
16274,190
16280,190
16286,190
16292,190
16298,189
16303,189
16309,188
16315,190
16321,191
16327,193
16333,193
16338,194
16344,195
16350,197
16356,200
16362,203
16367,204
16373,205
16379,206
16385,207
16391,211
16396,215
16402,220
16408,222
16414,223
16420,224
16425,229
16431,234
16437,240
16443,242
16449,243
16454,244
16460,245
16466,250
16472,257
16478,262
16483,262
16489,263
16495,263
16501,269
16507,275
16512,282
16518,284
16524,284
16530,284
16536,286
16541,292
16547,301
16553,305
16559,305
16565,304
16570,304
16576,309
16582,317
16588,322
16594,323
16599,321
16605,319
16611,321
16617,329
16623,335
16628,338
16634,336
16640,333
16646,333
16652,339
16657,346
16663,350
16669,348
16675,345
16681,343
16686,346
16692,354
16698,359
16704,359
16710,355
16715,352
16721,352
16727,359
16733,365
16739,366
16744,362
16750,357
16756,355
16762,358
16768,365
16773,368
16779,367
16785,361
16791,357
16797,357
16802,363
16808,368
16814,368
16820,363
16826,357
16832,354
16837,356
16843,362
16849,364
16855,362
16861,355
16866,350
16872,349
16878,353
16884,357
16890,356
16895,351
16901,343
16907,339
16913,340
16919,345
16924,346
16930,341
16936,335
16942,329
16948,327
16953,330
16959,333
16965,331
16971,325
16977,317
16982,313
16988,314
16994,316
17000,316
17006,311
17011,304
17017,297
17023,296
17029,297
17035,298
17040,294
17046,288
17052,281
17058,277
17064,277
17069,278
17075,275
17081,270
17087,264
17093,258
17098,257
17104,257
17110,256
17116,252
17122,247
17127,241
17133,238
17139,238
17145,237
17151,233
17156,229
17162,224
17168,220
17174,218
17180,217
17185,215
17191,212
17197,208
17203,205
17209,204
17214,202
17220,202
17226,200
17232,197
17238,195
17243,193
17249,193
17255,193
17261,191
17267,190
17272,189
17278,188
17284,188
17290,188
17296,190
17302,189
17307,189
17313,189
17319,190
17325,192
17331,194
17336,194
17342,195
17348,196
17354,196
17360,199
17365,202
17371,206
17377,207
17383,209
17389,210
17394,214
17400,218
17406,223
17412,225
17418,226
17423,227
17429,228
17435,233
17441,238
17447,243
17452,244
17458,245
17464,246
17470,251
17476,257
17481,264
17487,267
17493,268
17499,268
17505,269
17510,275
17516,282
17522,288
17528,287
17534,287
17539,286
17545,291
17551,298
17557,305
17563,307
17568,306
17574,305
17580,306
17586,314
17592,321
17597,325
17603,324
17609,322
17615,321
17621,326
17626,334
17632,339
17638,340
17644,337
17650,335
17655,337
17661,345
17667,351
17673,353
17679,350
17684,346
17690,345
17696,350
17702,357
17708,360
17713,359
17719,354
17725,352
17731,354
17737,362
17742,367
17748,366
17754,362
17760,358
17766,357
17772,362
17777,367
17783,369
17789,365
17795,358
17801,355
17806,357
17812,363
17818,367
17824,366
17830,360
17835,355
17841,353
17847,357
17853,362
17859,363
17864,358
17870,351
17876,347
17882,347
17888,352
17893,354
17899,352
17905,345
17911,340
17917,337
17922,340
17928,344
17934,343
17940,337
17946,330
17951,326
17957,326
17963,329
17969,330
17975,324
17980,318
17986,311
17992,309
17998,310
18004,313
18009,310
18015,304
18021,297
18027,292
18033,293
18039,294
18044,293
18050,288
18056,282
18062,275
18067,273
18073,273
18079,274
18085,269
18091,264
18096,258
18102,254
18108,253
18114,253
18120,249
18125,244
18131,239
18137,233
18143,232
18149,231
18154,230
18160,226
18166,222
18172,216
18178,215
18183,214
18189,213
18195,210
18201,207
18207,203
18212,199
18218,198
18224,197
18230,194
18236,192
18242,190
18247,187
18253,187
18259,186
18265,186
18271,185
18276,184
18282,183
18288,183
18294,183
18300,183
18305,184
18311,184
18317,184
18323,184
18329,186
18334,188
18340,190
18346,191
18352,193
18358,194
18363,196
18369,199
18375,203
18381,206
18387,207
18392,208
18398,210
18404,214
18410,219
18416,225
18421,227
18427,229
18433,230
18439,234
18445,239
18450,246
18456,249
18462,250
18468,251
18474,251
18480,257
18485,264
18491,269
18497,270
18503,270
18509,270
18514,274
18520,281
18526,289
18532,292
18538,292
18543,291
18549,292
18555,299
18561,307
18567,312
18572,312
18578,311
18584,309
18590,313
18596,321
18601,327
18607,328
18613,327
18619,324
18625,326
18630,333
18636,340
18642,343
18648,341
18654,337
18659,337
18665,342
18671,350
18677,354
18683,353
18688,349
18694,347
18700,349
18706,357
18712,362
18717,363
18723,359
18729,355
18735,355
18741,359
18746,365
18752,368
18758,365
18764,359
18770,357
18775,358
18781,365
18787,369
18793,369
18799,363
18804,358
18810,357
18816,361
18822,367
18828,368
18833,364
18839,358
18845,354
18851,354
18857,360
18862,362
18868,361
18874,355
18880,349
18886,347
18892,349
18897,354
18903,354
18909,348
18915,341
18921,337
18926,337
18932,341
18938,342
18944,339
18950,333
18955,326
18961,323
18967,326
18973,329
18979,327
18984,321
18990,314
18996,309
19002,308
19008,310
19013,311
19019,305
19025,299
19031,292
19037,288
19042,289
19048,291
19054,287
19060,281
19066,275
19071,269
19077,270
19083,270
19089,268
19095,263
19100,257
19106,250
19112,248
19118,248
19124,247
19129,243
19135,238
19141,233
19147,229
19153,227
19158,226
19164,222
19170,219
19176,214
19182,209
19187,208
19193,206
19199,205
19205,203
19211,199
19216,196
19222,195
19228,194
19234,193
19240,191
19245,189
19251,187
19257,185
19263,184
19269,184
19274,185
19280,184
19286,184
19292,183
19298,184
19303,184
19309,186
19315,186
19321,186
19327,187
19333,187
19338,189
19344,192
19350,195
19356,196
19362,197
19367,198
19373,201
19379,205
19385,210
19391,211
19396,213
19402,214
19408,216
19414,220
19420,225
19425,229
19431,231
19437,232
19443,233
19449,238
19454,244
19460,250
19466,251
19472,252
19478,253
19483,256
19489,262
19495,270
19501,274
19507,274
19512,275
19518,275
19524,281
19530,289
19536,295
19541,295
19547,295
19553,293
19559,296
19565,303
19570,310
19576,313
19582,312
19588,311
19594,311
19599,318
19605,327
19611,331
19617,329
19623,327
19628,326
19634,330
19640,338
19646,344
19652,344
19657,342
19663,338
19669,340
19675,347
19681,354
19686,356
19692,353
19698,348
19704,348
19710,352
19715,359
19721,362
19727,361
19733,357
19739,354
19744,355
19750,363
19756,367
19762,367
19768,363
19773,358
19779,356
19785,360
19791,366
19797,368
19802,365
19808,359
19814,355
19820,356
19826,362
19832,366
19837,365
19843,359
19849,354
19855,352
19861,354
19866,359
19872,360
19878,356
19884,349
19890,344
19895,344
19901,348
19907,351
19913,349
19919,343
19924,336
19930,333
19936,335
19942,339
19948,339
19953,333
19959,326
19965,321
19971,320
19977,323
19982,324
19988,320
19994,313
20000,306
20006,302
20011,304
20017,306
20023,304
20029,298
20035,292
20040,286
20046,285
20052,286
20058,286
20064,281
20069,276
20075,269
20081,265
20087,265
20093,266
20098,261
20104,256
20110,250
20116,245
20122,244
20127,244
20133,241
20139,237
20145,232
20151,226
20156,225
20162,224
20168,224
20174,220
20180,216
20185,212
20191,210
20197,208
20203,207
20209,205
20214,202
20220,199
20226,196
20232,195
20238,194
20243,195
20249,193
20255,192
20261,190
20267,190
20272,190
20278,191
20284,190
20290,190
20296,189
20302,188
20307,189
20313,190
20319,192
20325,192
20331,193
20336,193
20342,195
20348,197
20354,200
20360,201
20365,202
20371,203
20377,204
20383,207
20389,211
20394,216
20400,217
20406,219
20412,220
20418,224
20423,229
20429,235
20435,236
20441,238
20447,239
20452,241
20458,246
20464,252
20470,256
20476,257
20481,258
20487,258
20493,264
20499,271
20505,277
20510,279
20516,279
20522,279
20528,281
20534,288
20539,296
20545,299
20551,299
20557,298
20563,298
20568,304
20574,313
20580,318
20586,317
20592,316
20597,314
20603,318
20609,325
20615,332
20621,334
20626,332
20632,329
20638,330
20644,336
20650,344
20655,347
20661,345
20667,341
20673,340
20679,343
20684,351
20690,356
20696,357
20702,353
20708,350
20713,350
20719,357
20725,363
20731,365
20737,361
20742,356
20748,354
20754,357
20760,364
20766,367
20772,365
20777,360
20783,357
20789,357
20795,363
20801,367
20806,368
20812,362
20818,357
20824,354
20830,357
20835,362
20841,364
20847,362
20853,355
20859,351
20864,350
20870,355
20876,359
20882,358
20888,352
20893,345
20899,342
20905,344
20911,348
20917,349
20922,344
20928,337
20934,332
20940,330
20946,334
20951,336
20957,333
20963,327
20969,319
20975,315
20980,317
20986,320
20992,319
20998,314
21004,307
21009,301
21015,300
21021,302
21027,303
21033,297
21038,291
21044,284
21050,281
21056,281
21062,282
21067,279
21073,273
21079,267
21085,262
21091,262
21096,262
21102,260
21108,256
21114,250
21120,244
21125,242
21131,242
21137,241
21143,237
21149,233
21154,228
21160,224
21166,223
21172,221
21178,218
21183,215
21189,211
21195,206
21201,205
21207,204
21212,203
21218,201
21224,198
21230,195
21236,195
21241,194
21247,194
21253,192
21259,191
21265,190
21271,188
21276,188
21282,188
21288,189
21294,189
21300,188
21305,188
21311,189
21317,190
21323,192
21329,192
21334,193
21340,194
21346,194
21352,197
21358,200
21363,203
21369,204
21375,205
21381,207
21387,210
21392,214
21398,219
21404,220
21410,221
21416,222
21421,223
21427,228
21433,233
21439,238
21445,239
21450,240
21456,241
21462,246
21468,252
21474,260
21480,261
21485,262
21491,263
21497,265
21503,270
21509,278
21514,282
21520,283
21526,283
21532,282
21538,287
21543,295
21549,301
21555,302
21561,302
21567,301
21572,303
21578,310
21584,318
21590,321
21595,320
21601,318
21607,318
21613,324
21619,332
21624,337
21630,335
21636,333
21642,331
21648,335
21653,343
21659,348
21665,349
21671,346
21677,342
21682,343
21688,350
21694,356
21700,358
21706,355
21712,351
21717,349
21723,353
21729,360
21735,364
21741,363
21746,358
21752,355
21758,355
21764,362
21770,367
21775,368
21781,363
21787,357
21793,356
21799,358
21804,365
21810,367
21816,365
21822,359
21828,355
21833,354
21839,360
21845,364
21851,364
21857,358
21862,351
21868,348
21874,350
21880,355
21886,357
21891,353
21897,347
21903,341
21909,339
21915,344
21921,347
21926,345
21932,339
21938,332
21944,328
21950,329
21955,333
21961,333
21967,327
21973,320
21979,314
21984,312
21990,315
21996,317
22002,313
22008,307
22013,300
22019,296
22025,297
22031,299
22037,297
22042,291
22048,285
22054,279
22060,277
22066,278
22071,278
22077,273
22083,268
22089,262
22095,258
22100,258
22106,258
22112,253
22118,249
22124,243
22129,238
22135,236
22141,236
22147,233
22153,229
22158,225
22164,220
22170,219
22176,218
22182,217
22187,214
22193,211
22199,207
22205,205
22211,204
22216,202
22222,200
22228,198
22234,195
22240,193
22245,192
22251,192
22257,192
22263,190
22269,189
22274,188
22280,188
22286,189
22292,189
22298,189
22303,189
22309,189
22315,189
22321,190
22327,192
22332,194
22338,195
22344,195
22350,196
22356,199
22361,201
22367,205
22373,206
22379,207
22385,208
22391,209
22396,212
22402,217
22408,222
22414,223
22420,224
22425,226
22431,230
22437,235
22443,242
22449,244
22454,245
22460,246
22466,247
22472,252
22478,259
22483,264
22489,265
22495,265
22501,265
22507,271
22512,277
22518,284
22524,287
22530,287
22536,286
22541,288
22547,295
22553,303
22559,307
22565,307
22570,306
22576,305
22582,310
22588,318
22594,324
22599,324
22605,323
22611,320
22617,323
22623,330
22628,337
22634,339
22640,337
22646,334
22652,334
22657,340
22663,347
22669,351
22675,350
22681,346
22686,344
22692,347
22698,355
22704,359
22710,360
22715,356
22721,353
22727,353
22733,359
22739,365
22744,367
22750,363
22756,357
22762,355
22768,358
22773,364
22779,368
22785,366
22791,361
22797,356
22802,356
22808,362
22814,366
22820,367
