Time,Bits_0
5,33
10,65
16,97
22,133
27,169
33,202
39,234
44,269
50,305
55,339
61,336
67,338
72,342
78,339
84,333
89,332
95,336
101,335
106,329
112,326
118,329
123,330
129,326
135,321
140,322
146,323
152,320
157,316
163,315
169,315
174,315
180,313
186,309
191,309
197,310
203,310
209,307
214,304
220,304
226,305
231,304
237,301
243,300
248,301
254,303
260,301
265,298
271,299
277,300
283,302
288,300
294,298
300,299
305,300
311,301
317,301
322,299
328,301
334,302
339,303
345,302
351,303
357,304
362,307
368,307
374,307
379,309
385,311
391,313
396,314
402,314
408,316
414,319
419,322
425,323
431,323
436,326
442,328
448,330
453,331
459,331
465,334
470,338
476,338
482,338
488,339
493,342
499,345
505,346
510,348
516,349
522,352
527,354
533,355
539,357
545,358
550,361
556,363
562,364
567,364
573,367
579,370
584,371
590,371
596,372
601,375
607,379
613,379
618,380
624,380
630,383
636,385
641,385
647,386
653,386
658,389
664,390
670,390
675,391
681,391
687,394
692,394
698,394
704,395
710,395
715,397
721,397
727,397
732,397
738,399
744,399
749,399
755,399
761,399
767,401
772,401
778,401
784,400
789,400
795,401
801,401
806,400
812,400
818,399
824,400
829,400
835,399
841,398
846,396
852,397
858,397
863,396
869,394
875,394
881,394
886,393
892,392
898,391
903,391
909,390
915,389
920,388
926,385
932,385
937,384
943,382
949,380
955,377
960,377
966,375
972,374
977,371
983,369
989,369
994,367
1000,366
1006,363
1012,362
1017,360
1023,359
1029,358
1035,357
1040,354
1046,350
1052,348
1058,348
1063,348
1069,346
1075,342
1081,338
1086,338
1092,338
1098,338
1104,335
1109,331
1115,329
1121,329
1127,329
1132,326
1138,322
1144,318
1149,318
1155,319
1161,318
1167,315
1172,311
1178,309
1184,310
1190,312
1195,310
1201,306
1207,303
1213,304
1218,306
1224,305
1230,302
1236,300
1241,299
1247,300
1253,302
1259,300
1264,298
1270,295
1276,298
1282,301
1287,300
1293,298
1299,296
1305,296
1310,299
1316,302
1322,301
1328,299
1333,297
1339,300
1345,304
1351,305
1356,304
1362,302
1368,303
1374,307
1379,311
1385,310
1391,309
1397,308
1402,312
1408,317
1414,319
1420,318
1425,317
1431,319
1437,323
1443,328
1448,328
1454,327
1460,327
1466,331
1471,335
1477,338
1483,337
1489,336
1494,339
1500,343
1506,348
1512,349
1517,348
1523,349
1529,352
1535,356
1540,359
1546,358
1552,357
1558,359
1563,362
1569,366
1575,367
1581,366
1586,368
1592,371
1598,373
1604,377
1609,376
1615,376
1621,378
1627,380
1632,383
1638,384
1644,382
1650,383
1655,385
1661,387
1667,390
1673,388
1678,389
1684,390
1690,392
1695,394
1701,394
1707,393
1713,394
1718,395
1724,396
1730,398
1736,396
1741,397
1747,398
1753,399
1759,400
1764,399
1770,398
1776,398
1782,399
1787,400
1793,401
1799,397
1805,398
1810,398
1816,399
1822,400
1828,398
1833,396
1839,396
1845,397
1851,397
1856,397
1862,393
1868,393
1874,393
1879,393
1885,393
1891,390
1897,388
1902,387
1908,387
1914,387
1920,387
1925,382
1931,381
1937,381
1943,380
1948,380
1954,376
1960,373
1966,373
1971,372
1977,372
1983,371
1989,366
1994,363
2000,363
2006,363
2012,364
2017,359
2023,355
2029,354
2035,354
2040,354
2046,352
2052,347
2058,344
2063,343
2069,343
2075,344
2081,340
2086,335
2092,334
2098,334
2104,334
2109,331
2115,327
2121,324
2127,323
2132,324
2138,322
2144,319
2150,315
2155,314
2161,314
2167,316
2173,313
2178,309
2184,307
2190,307
2196,309
2201,307
2207,304
2213,300
2218,300
2224,302
2230,302
2236,300
2241,297
2247,296
2253,298
2259,301
2264,299
2270,296
2276,293
2282,295
2287,298
2293,299
2299,297
2305,295
2310,294
2316,297
2322,301
2328,300
2333,298
2339,296
2345,299
2351,303
2356,305
2362,304
2368,303
2374,303
2379,306
2385,311
2391,312
2397,311
2402,309
2408,312
2414,317
2420,320
2425,319
2431,319
2437,319
2443,323
2448,328
2454,330
2460,329
2466,328
2471,331
2477,334
2483,339
2489,338
2494,337
2500,339
2506,342
2512,347
2518,349
2523,348
2529,348
2535,351
2540,354
2546,359
2552,360
2558,359
2563,361
2569,363
2575,367
2581,370
2586,369
2592,369
2598,371
2604,374
2609,377
2615,378
2621,376
2627,378
2632,379
2638,382
2644,384
2650,383
2655,384
2661,385
2667,387
2673,390
2678,390
2684,389
2690,390
2696,392
2701,394
2707,395
2713,393
2719,394
2724,395
2730,396
2736,397
2742,396
2747,396
2753,396
2759,397
2765,398
2770,399
2776,396
2782,397
2788,398
2793,398
2799,400
2805,397
2811,396
2816,396
2822,397
2828,398
2834,397
2839,394
2845,394
2851,394
2857,395
2862,395
2868,392
2874,390
2880,390
2885,390
2891,391
2897,389
2903,386
2908,386
2914,386
2920,385
2926,386
2931,382
2937,379
2943,379
2948,379
2954,379
2960,376
2966,371
2972,370
2977,370
2983,370
2989,370
2995,365
3000,362
3006,362
3012,362
3018,362
3023,359
3029,354
3035,352
3041,351
3046,352
3052,351
3058,347
3063,342
3069,342
3075,342
3081,342
3086,339
3092,335
3098,332
3104,332
3109,332
3115,330
3121,326
3127,321
3132,322
3138,322
3144,322
3150,319
3155,315
3161,313
3167,313
3173,315
3178,312
3184,309
3190,304
3196,305
3201,306
3207,306
3213,304
3219,301
3224,299
3230,300
3236,303
3242,300
3247,298
3253,295
3259,297
3265,300
3270,299
3276,297
3282,295
3288,295
3293,297
3299,300
3305,299
3311,297
3316,294
3322,297
3328,301
3334,301
3339,300
3345,298
3351,299
3357,303
3362,307
3368,305
3374,304
3380,303
3385,307
3391,311
3397,313
3403,312
3408,311
3414,313
3420,317
3426,322
3431,322
3437,321
3443,321
3449,324
3454,328
3460,331
3466,331
3472,330
3477,332
3483,336
3489,341
3495,342
3500,341
3506,341
3512,344
3518,348
3523,352
3529,351
3535,349
3541,352
3546,355
3552,359
3558,361
3564,361
3569,362
3575,364
3581,367
3586,371
3592,370
3598,370
3604,372
3609,374
3615,377
3621,378
3627,377
3632,378
3638,380
3644,382
3650,386
3655,384
3661,385
3667,386
3673,388
3678,391
3684,391
3690,390
3696,391
3701,392
3707,393
3713,396
3719,393
3724,394
3730,395
3736,396
3742,398
3747,397
3753,396
3759,397
3765,398
3770,398
3776,400
3782,397
3788,398
3793,398
3799,399
3805,400
3811,398
3816,396
3822,396
3828,397
3834,397
3839,398
3845,393
3851,393
3857,393
3862,394
3868,394
3874,392
3880,390
3885,390
3891,389
3897,390
3903,389
3908,385
3914,384
3920,384
3926,383
3931,383
3937,380
3943,377
3949,377
3954,376
3960,376
3966,375
3972,371
3977,369
3983,368
3989,368
3995,369
4000,364
4006,360
4012,359
4018,359
4023,359
4029,357
4035,352
4041,349
4046,349
4052,349
4058,350
4064,346
4069,341
4075,340
4081,339
4086,340
4092,336
4098,332
4104,329
4109,329
4115,329
4121,328
4127,324
4132,320
4138,319
4144,320
4150,321
4155,318
4161,314
4167,311
4173,312
4178,314
4184,312
4190,308
4196,305
4201,304
4207,305
4213,306
4219,303
4224,301
4230,298
4236,300
4242,302
4247,300
4253,298
4259,295
4265,296
4270,298
4276,300
4282,298
4288,295
4293,294
4299,297
4305,301
4311,300
4316,298
4322,295
4328,297
4334,301
4339,303
4345,302
4351,300
4357,300
4362,303
4368,308
4374,309
4380,308
4385,306
4391,308
4397,312
4403,316
4408,315
4414,314
4420,314
4426,318
4431,322
4437,324
4443,324
4449,323
4454,326
4460,330
4466,335
4472,335
4477,334
4483,335
4489,338
4495,343
4500,345
4506,345
4512,343
4518,346
4523,349
4529,354
4535,355
4541,354
4546,355
4552,358
4558,361
4564,365
4569,364
4575,363
4581,365
4587,368
4592,371
4598,373
4604,372
4610,373
4615,375
4621,378
4627,381
4633,380
4638,380
4644,381
4650,383
4656,386
4661,387
4667,385
4673,386
4679,388
4684,390
4690,393
4696,391
4702,391
4707,393
4713,394
4719,396
4725,396
4730,394
4736,395
4742,396
4748,397
4753,399
4759,396
4765,396
4771,397
4776,398
4782,399
4788,398
4794,396
4799,396
4805,397
4811,398
4817,399
4822,395
4828,395
4834,395
4840,395
4845,396
4851,395
4857,392
4863,392
4868,392
4874,393
4880,394
4886,389
4891,388
4897,387
4903,387
4909,388
4914,386
4920,382
4926,381
4932,381
4937,381
4943,382
4949,377
4955,375
4960,374
4966,374
4972,374
4978,372
4983,367
4989,365
4995,365
5001,365
5006,365
5012,360
5018,356
5024,356
5029,356
5035,356
5041,353
5047,349
5052,346
5058,346
5064,345
5070,345
5075,341
5081,336
5087,336
5093,336
5098,336
5104,332
5110,328
5116,325
5121,326
5127,326
5133,325
5139,321
5144,316
5150,316
5156,317
5161,317
5167,314
5173,310
5179,308
5184,308
5190,310
5196,308
5202,305
5207,301
5213,301
5219,303
5225,303
5230,301
5236,298
5242,296
5248,297
5253,300
5259,298
5265,296
5271,293
5276,295
5282,297
5288,298
5294,297
5299,294
5305,293
5311,296
5317,300
5322,299
5328,297
5334,295
5340,297
5345,301
5351,303
5357,302
5363,301
5368,301
5374,304
5380,310
5386,310
5391,309
5397,307
5403,311
5409,315
5414,318
5420,317
5426,316
5432,317
5437,321
5443,326
5449,327
5455,327
5460,325
5466,329
5472,332
5478,337
5483,336
5489,335
5495,337
5501,340
5506,345
5512,347
5518,346
5524,346
5529,348
5535,352
5541,357
5547,357
5552,356
5558,359
5564,361
5570,364
5575,367
5581,367
5587,367
5593,369
5598,372
5604,375
5610,375
5616,374
5621,376
5627,378
5633,380
5639,383
5644,381
5650,382
5656,384
5662,386
5667,389
5673,389
5679,388
5685,389
5690,390
5696,392
5702,394
5708,391
5713,392
5719,393
5725,395
5731,397
5736,395
5742,395
5748,396
5754,396
5759,398
5765,398
5771,396
5777,396
5782,397
5788,397
5794,399
5800,396
5805,395
5811,396
5817,396
5823,397
5828,397
5834,394
5840,394
5846,394
5851,395
5857,395
5863,392
5869,390
5874,391
5880,391
5886,391
5892,390
5897,386
5903,385
5909,385
5915,385
5920,385
5926,381
5932,379
5938,378
5943,378
5949,378
5955,377
5961,372
5966,371
5972,370
5978,370
5984,371
5989,366
5995,362
6001,361
6007,361
6012,361
6018,359
6024,355
6030,352
6035,351
6041,352
6047,352
6053,348
6058,343
6064,342
6070,341
6076,341
6081,339
6087,335
6093,331
6099,331
6104,331
6110,331
6116,327
6121,323
6127,321
6133,322
6139,323
6144,320
6150,316
6156,312
6162,313
6167,314
6173,313
6179,310
6185,306
6190,305
6196,306
6202,308
6208,305
6213,302
6219,298
6225,300
6231,302
6236,301
6242,298
6248,295
6254,295
6259,297
6265,299
6271,297
6277,295
6282,293
6288,295
6294,299
6300,299
6305,297
6311,294
6317,295
6323,298
6328,301
6334,299
6340,298
6346,296
6351,299
6357,304
6363,306
6369,305
6374,303
6380,304
6386,308
6392,313
6397,312
6403,311
6409,310
6415,313
6420,317
6426,320
6432,320
6438,318
6443,320
6449,324
6455,329
6461,330
6466,329
6472,329
6478,332
6484,336
6489,340
6495,339
6501,338
6507,340
6513,343
6518,348
6524,350
6530,349
6536,349
6541,352
6547,356
6553,360
6558,360
6564,359
6570,361
6576,364
6581,367
6587,370
6593,369
6599,370
6604,372
6610,374
6616,378
6622,378
6627,377
6633,378
6639,380
6645,383
6650,384
6656,383
6662,384
6668,386
6673,387
6679,390
6685,389
6691,389
6696,390
6702,391
6708,393
6714,394
6719,392
6725,393
6731,394
6737,395
6742,397
6748,395
6754,395
6760,396
6765,397
6771,398
6777,398
6783,395
6788,396
6794,396
6800,397
6806,398
6811,395
6817,394
6823,395
6829,395
6834,396
6840,395
6846,392
6852,392
6857,393
6863,393
6869,394
6875,390
6880,388
6886,388
6892,388
6898,389
6903,388
6909,383
6915,383
6921,383
6926,382
6932,383
6938,379
6944,376
6949,375
6955,375
6961,375
6967,373
6972,369
6978,367
6984,367
6990,366
6995,367
7001,362
7007,358
7013,358
7018,358
7024,358
7030,355
7036,350
7041,348
7047,348
7053,348
7059,347
7064,344
7070,339
7076,339
7082,338
7087,339
7093,335
7099,331
7105,329
7110,328
7116,329
7122,328
7128,324
7133,319
7139,319
7145,319
7151,320
7156,317
7162,313
7168,310
7173,311
7179,312
7185,309
7191,306
7196,302
7202,302
7208,304
7214,304
7219,302
7225,299
7231,297
7237,298
7242,300
7248,298
7254,296
7260,293
7265,294
7271,297
7277,298
7283,296
7288,294
7294,293
7300,296
7306,299
7311,298
7317,296
7323,293
7329,295
7334,299
7340,301
7346,300
7352,298
7357,298
7363,301
7369,307
7375,307
7380,306
7386,304
7392,307
7398,311
7403,314
7409,314
7415,313
7421,313
7426,316
7432,321
7438,323
7444,322
7449,321
7455,324
7461,328
7467,333
7472,332
7478,331
7484,333
7490,336
7495,340
7501,343
7507,342
7513,341
7518,344
7524,347
7530,353
7536,353
7541,352
7547,353
7553,356
7559,360
7564,363
7570,362
7576,362
7582,364
7587,367
7593,370
7599,371
7605,370
7610,372
7616,374
7622,377
7628,380
7633,378
7639,379
7645,381
7651,383
7656,385
7662,386
7668,384
7674,386
7679,387
7685,389
7691,391
7697,389
7702,390
7708,391
7714,393
7720,395
7725,394
7731,393
7737,394
7743,395
7748,396
7754,397
7760,394
7766,395
7771,396
7777,397
7783,398
7789,397
7794,395
7800,396
7806,396
7812,397
7817,398
7823,394
7829,394
7835,394
7840,395
7846,395
7852,393
7858,391
7863,391
7869,391
7875,391
7881,391
7886,387
7892,386
7898,385
7904,386
7909,386
7915,383
7921,380
7927,380
7932,380
7938,380
7944,380
7950,375
7955,373
7961,373
7967,373
7973,373
7978,370
7984,365
7990,363
7996,363
8001,363
8007,363
8013,358
8019,354
8024,354
8030,353
8036,354
8042,350
8047,345
8053,342
8059,341
8065,341
8070,339
8076,335
8082,330
8088,329
8093,328
8099,329
8105,324
8111,320
8116,317
8122,317
8128,317
8134,316
8139,312
8145,308
8151,308
8157,309
8162,311
8168,308
8174,305
8180,303
8185,305
8191,307
8197,305
8203,303
8208,300
8214,301
8220,303
8226,304
8231,302
8237,300
8243,299
8248,300
8254,304
8260,302
8266,300
8272,297
8277,298
8283,301
8289,302
8295,300
8300,298
8306,297
8312,300
8318,304
8323,302
8329,301
8335,299
8341,301
8346,305
8352,307
8358,306
8364,305
8369,305
8375,309
8381,314
8387,315
8392,314
8398,312
8404,314
8410,319
8415,322
8421,321
8427,320
8433,321
8438,324
8444,329
8450,331
8456,330
8461,330
8467,333
8473,337
8479,342
8484,341
8490,340
8496,341
8502,345
8507,349
8513,352
8519,351
8525,350
8530,352
8536,355
8542,360
8548,361
8553,360
8559,362
8565,365
8571,368
8576,371
8582,370
8588,370
8594,372
8599,375
8605,378
8611,379
8617,377
8622,379
8628,381
8634,383
8639,386
8645,384
8651,384
8657,385
8662,387
8668,389
8674,389
8680,388
8685,389
8691,390
8697,391
8703,394
8708,391
8714,391
8720,392
8726,393
8731,394
8737,394
8743,392
8749,392
8754,393
8760,394
8766,395
8772,391
8777,391
8783,392
8789,392
8795,393
8800,392
8806,390
8812,390
8818,391
8824,391
8829,393
8835,389
8841,388
8847,389
8852,389
8858,390
8864,389
8870,386
8875,387
8881,387
8887,387
8893,388
8898,384
8904,382
8910,382
8916,382
8921,383
8927,382
8933,377
8939,376
8944,376
8950,376
8956,376
8962,372
8967,369
8973,369
8979,368
8985,368
8990,367
8996,362
9002,359
9008,359
9013,360
9019,360
9025,356
9031,351
9036,350
9042,350
9048,350
9054,348
9059,343
9065,340
9071,340
9077,340
9082,340
9088,336
9094,332
9100,330
9105,330
9111,331
9117,327
9123,324
9128,320
9134,320
9140,320
9145,319
9151,316
9157,312
9163,311
9169,311
9174,313
9180,310
9186,307
9191,303
9197,304
9203,306
9209,305
9214,302
9220,299
9226,298
9232,299
9237,301
9243,299
9249,296
9255,294
9260,296
9266,299
9272,298
9278,296
9283,294
9289,294
9295,297
9301,299
9306,298
9312,296
9318,294
9324,296
9329,300
9335,301
9341,299
9347,298
9352,298
9358,302
9364,306
9370,305
9375,303
9381,302
9387,305
9393,310
9399,313
9404,312
9410,311
9416,312
9422,316
9427,321
9433,322
9439,321
9445,320
9450,323
9456,327
9462,331
9468,330
9473,329
9479,331
9485,335
9491,339
9496,341
9502,340
9508,340
9514,343
9519,347
9525,351
9531,351
9537,350
9542,352
9548,355
9554,359
9560,362
9565,361
9571,361
9577,364
9582,366
9588,370
9594,370
9600,369
9605,371
9611,373
9617,376
9623,378
9629,377
9634,378
9640,380
9646,382
9651,385
9657,385
9663,384
9669,385
9674,387
9680,389
9686,391
9692,388
9697,390
9703,391
9709,393
9715,395
9720,394
9726,393
9732,394
9738,395
9743,397
9749,398
9755,395
9761,396
9766,396
9772,397
9778,398
9784,397
9789,396
9795,396
9801,397
9807,398
9812,399
9818,395
9824,395
9830,395
9835,395
9841,396
9847,394
9853,392
9858,392
9864,392
9870,392
9876,393
9882,388
9887,387
9893,387
9899,387
9905,387
9910,385
9916,381
9922,381
9928,381
9933,381
9939,382
9945,377
9951,374
9956,374
9962,374
9968,374
9974,371
9979,367
9985,365
9991,365
9997,365
10002,366
10008,360
10014,356
10020,354
10026,355
10031,356
10037,356
10043,349
10049,344
10055,342
10060,344
10066,347
10072,347
10078,341
10083,335
10089,331
10095,332
10101,335
10107,336
10112,332
10118,325
10124,320
10130,320
10136,323
10141,325
10147,323
10153,317
10159,311
10165,310
10170,313
10176,316
10182,315
10188,309
10194,303
10199,300
10205,301
10211,306
10217,307
10223,303
10228,297
10234,293
10240,294
10246,301
10252,304
10257,303
10263,297
10269,293
10275,292
10281,296
10286,301
10292,302
10298,299
10304,293
10310,291
10316,293
10321,300
10327,304
10333,304
10339,299
10345,296
10350,296
10356,302
10362,307
10368,310
10374,308
10379,303
10385,302
10391,306
10397,313
10403,317
10408,318
10414,313
10420,311
10426,313
10432,320
10437,326
10443,328
10449,326
10455,323
10461,323
10466,328
10472,335
10478,339
10484,340
10490,335
10495,334
10501,337
10507,343
10513,348
10519,350
10524,348
10530,346
10536,347
10542,353
10548,359
10553,363
10559,362
10565,359
10571,359
10577,363
10582,368
10588,372
10594,373
10600,370
10606,369
10611,372
10617,376
10623,381
10629,383
10635,381
10640,378
10646,379
10652,382
10658,386
10664,389
10669,388
10675,386
10681,385
10687,388
10693,391
10698,394
10704,394
10710,393
10716,391
10722,392
10727,394
10733,397
10739,398
10745,397
10751,394
10756,394
10762,396
10768,397
10774,400
10780,398
10785,396
10791,394
10797,395
10803,397
10809,399
10814,399
10820,397
10826,394
10832,393
10838,394
10844,396
10849,397
10855,395
10861,392
10867,389
10873,389
10878,390
10884,392
10890,392
10896,389
10902,384
10907,382
10913,383
10919,385
10925,386
10931,384
10936,379
10942,375
10948,375
10954,376
10960,378
10965,377
10971,372
10977,367
10983,365
10989,366
10994,368
11000,369
11006,365
11012,359
11018,354
11023,354
11029,356
11035,357
11041,355
11047,348
11052,343
11058,340
11064,342
11070,345
11076,345
11081,340
11087,333
11093,330
11099,330
11105,333
11110,334
11116,331
11122,323
11128,319
11134,318
11139,321
11145,324
11151,323
11157,316
11163,310
11168,307
11174,309
11180,313
11186,313
11192,309
11197,302
11203,298
11209,298
11215,305
11221,307
11226,305
11232,299
11238,295
11244,294
11250,298
11255,303
11261,303
11267,299
11273,293
11279,291
11284,293
11290,299
11296,302
11302,301
11308,296
11314,292
11319,292
11325,298
11331,303
11337,305
11343,302
11348,297
11354,296
11360,299
11366,306
11372,310
11377,311
11383,306
11389,303
11395,304
11401,311
11406,317
11412,319
11418,318
11424,314
11430,313
11435,318
11441,325
11447,329
11453,330
11459,325
11464,324
11470,326
11476,332
11482,338
11488,341
11493,339
11499,336
11505,336
11511,341
11517,348
11522,353
11528,353
11534,350
11540,349
11546,352
11551,357
11557,363
11563,365
11569,363
11575,361
11580,363
11586,367
11592,372
11598,375
11604,374
11609,371
11615,371
11621,375
11627,379
11633,382
11638,383
11644,380
11650,379
11656,382
11662,385
11667,390
11673,391
11679,389
11685,387
11691,387
11696,390
11702,393
11708,395
11714,393
11720,391
11725,391
11731,393
11737,395
11743,398
11749,398
11754,396
11760,393
11766,394
11772,395
11778,398
11784,399
11789,397
11795,394
11801,393
11807,395
11813,396
11818,399
11824,398
11830,395
11836,392
11842,392
11847,393
11853,395
11859,395
11865,393
11871,389
11876,387
11882,388
11888,389
11894,391
11900,389
11905,385
11911,382
11917,381
11923,382
11929,384
11934,384
11940,379
11946,374
11952,371
11958,372
11963,374
11969,375
11975,372
11981,367
11987,363
11992,362
11998,363
12004,366
12010,365
12016,360
12022,354
12027,351
12033,352
12039,354
12045,355
12050,351
12056,344
12062,339
12068,339
12074,341
12079,343
12085,341
12091,333
12097,328
12103,325
12108,328
12114,331
12120,330
12126,325
12132,318
12137,315
12143,315
12149,320
12155,321
12161,318
12166,310
12172,306
12178,305
12184,310
12190,313
12195,311
12201,305
12207,299
12213,297
12219,300
12224,305
12230,306
12236,301
12242,295
12248,292
12253,293
12259,299
12265,303
12271,301
12277,296
12283,292
12288,291
12294,296
12300,301
12306,302
12312,299
12317,293
12323,291
12329,294
12335,301
12341,305
12346,305
12352,300
12358,296
12364,297
12370,303
12375,309
12381,311
12387,310
12393,305
12399,304
12404,308
12410,315
12416,320
12422,321
12428,317
12433,314
12439,316
12445,323
12451,329
12457,332
12462,330
12468,327
12474,327
12480,331
12486,339
12492,343
12497,344
12503,340
12509,339
12515,341
12521,347
12526,352
12532,355
12538,353
12544,351
12550,352
12555,356
12561,362
12567,366
12573,366
12578,363
12584,363
12590,366
12596,371
12602,375
12607,377
12613,374
12619,373
12625,375
12631,378
12637,383
12642,385
12648,384
12654,381
12660,381
12666,384
12671,387
12677,390
12683,390
12689,388
12695,387
12700,389
12706,392
12712,395
12718,396
12724,395
12729,392
12735,393
12741,395
12747,397
12753,399
12758,397
12764,395
12770,393
12776,395
12782,397
12787,399
12793,399
12799,397
12805,394
12811,394
12816,395
12822,397
12828,398
12834,396
12840,393
12845,391
12851,393
12857,394
12863,396
12869,395
12874,392
12880,388
12886,387
12892,388
12898,389
12903,389
12909,386
12915,381
12921,379
12927,380
12932,381
12938,383
12944,381
12950,376
12956,372
12962,371
12967,372
12973,374
12979,373
12985,368
12991,362
12996,359
13002,360
13008,362
13014,363
13020,360
13025,353
13031,349
13037,348
13043,350
13049,352
13054,351
13060,344
13066,338
13072,336
13078,337
13083,340
13089,340
13095,336
13101,329
13107,325
13112,324
13118,328
13124,329
13130,327
13136,319
13141,314
13147,312
13153,315
13159,319
13165,318
13170,312
13176,305
13182,303
13188,304
13194,309
13199,310
13205,306
13211,300
13217,296
13223,296
13228,302
13234,305
13240,304
13246,298
13252,293
13257,292
13263,295
13269,300
13275,301
13281,298
13286,292
13292,289
13298,291
13304,298
13310,301
13315,301
13321,296
13327,292
13333,292
13339,296
13344,302
13350,305
13356,303
13362,298
13368,297
13373,299
13379,307
13385,312
13391,313
13397,309
13403,306
13408,307
13414,312
13420,319
13426,322
13432,322
13437,317
13443,316
13449,319
13455,327
13461,332
13466,333
13472,330
13478,328
13484,330
13490,336
13495,342
13501,345
13507,345
13513,341
13519,341
13524,345
13530,352
13536,356
13542,357
13548,354
13553,352
13559,355
13565,360
13571,366
13577,368
13582,366
13588,364
13594,365
13600,369
13606,374
13611,377
13617,376
13623,374
13629,374
13635,377
13640,381
13646,385
13652,385
13658,384
13664,382
13669,384
13675,387
13681,391
13687,393
13693,391
13698,389
13704,389
13710,391
13716,394
13722,397
13727,396
13733,394
13739,392
13745,394
13751,396
13756,399
13762,399
13768,397
13774,395
13780,395
13785,396
13791,398
13797,399
13803,397
13809,395
13814,393
13820,394
13826,396
13832,398
13838,397
13844,395
13849,391
13855,390
13861,391
13867,393
13873,394
13878,391
13884,387
13890,384
13896,385
13902,386
13907,389
13913,387
13919,383
13925,379
13931,378
13936,378
13942,380
13948,380
13954,376
13960,371
13965,367
13971,368
13977,369
13983,371
13989,369
13994,363
14000,359
14006,357
14012,359
14018,361
14023,361
14029,356
14035,350
14041,347
14047,347
14052,349
14058,350
14064,347
14070,339
14076,335
14081,333
14087,336
14093,338
14099,337
14105,329
14110,324
14116,321
14122,323
14128,326
14134,326
14139,321
14145,314
14151,310
14157,311
14163,316
14168,317
14174,314
14180,308
14186,303
14192,302
14197,306
14203,309
14209,308
14215,302
14221,296
14226,294
14232,296
14238,301
14244,302
14250,299
14255,293
14261,290
14267,291
14273,297
14279,301
14284,301
14290,296
14296,291
14302,290
14308,294
14313,300
14319,302
14325,300
14331,295
14337,292
14343,294
14348,302
14354,306
14360,308
14366,303
14372,300
14377,300
14383,305
14389,311
14395,314
14401,314
14406,309
14412,307
14418,310
14424,318
14430,323
14435,325
14441,322
14447,319
14453,320
14459,326
14464,333
14470,336
14476,336
14482,332
14488,331
14493,335
14499,342
14505,347
14511,348
14517,345
14522,343
14528,345
14534,351
14540,357
14546,360
14551,359
14557,356
14563,356
14569,360
14575,365
14580,369
14586,370
14592,367
14598,366
14604,369
14609,373
14615,378
14621,380
14627,378
14633,376
14638,377
14644,380
14650,384
14656,387
14662,386
14667,384
14673,384
14679,386
14685,389
14691,393
14696,393
14702,391
14708,389
14714,391
14720,394
14725,396
14731,397
14737,396
14743,393
14749,393
14754,395
14760,397
14766,399
14772,397
14778,395
14783,393
14789,395
14795,397
14801,399
14807,399
14813,397
14818,394
14824,393
14830,394
14836,396
14842,397
14847,395
14853,392
14859,389
14865,390
14871,391
14876,393
14882,393
14888,389
14894,385
14900,383
14905,384
14911,386
14917,387
14923,384
14929,379
14934,376
14940,376
14946,377
14952,380
14958,378
14963,373
14969,369
14975,367
14981,368
14987,370
14992,370
14998,366
15004,360
15010,356
15016,356
15021,358
15027,360
15033,357
15039,350
15045,345
15050,343
15056,345
15062,348
15068,347
15074,341
15079,335
15085,332
15091,332
15097,336
15103,337
15108,333
15114,326
15120,321
15126,320
15132,324
15137,326
15143,325
15149,317
15155,312
15161,309
15166,311
15172,315
15178,315
15184,310
15190,304
15195,300
15201,300
15207,306
15213,308
15219,306
15224,300
15230,295
15236,294
15242,299
15248,303
15253,303
15259,298
15265,292
15271,290
15277,292
15283,298
15288,301
15294,299
15300,294
15306,291
15312,292
15317,298
15323,303
15329,304
15335,300
15341,296
15346,295
15352,298
15358,305
15364,308
15370,308
15375,303
15381,301
15387,303
15393,310
15399,315
15404,318
15410,315
15416,311
15422,312
15428,316
15433,323
15439,327
15445,327
15451,323
15457,322
15462,324
15468,331
15474,337
15480,339
15486,336
15492,334
15497,335
15503,341
15509,347
15515,351
15521,351
15526,347
15532,346
15538,350
15544,356
15549,361
15555,362
15561,359
15567,357
15573,359
15578,364
15584,370
15590,372
15596,371
15602,368
15607,369
15613,372
15619,377
15625,380
15631,380
15636,378
15642,377
15648,380
15654,384
15660,388
15665,389
15671,388
15677,385
15683,386
15689,389
15695,392
15700,394
15706,392
15712,390
15718,390
15724,392
15729,394
15735,398
15741,397
15747,395
15753,393
15758,395
15764,396
15770,399
15776,399
15782,397
15787,395
15793,394
15799,396
15805,397
15811,399
15816,397
15822,395
15828,392
15834,393
15840,394
15845,396
15851,396
15857,393
15863,390
15869,388
15874,390
15880,391
15886,393
15892,390
15898,387
15903,383
15909,383
15915,384
15921,386
15927,385
15932,381
15938,376
15944,374
15950,375
15956,377
15961,377
15967,374
15973,368
15979,365
15985,364
15991,366
15996,368
16002,367
16008,361
16014,356
16020,353
16025,355
16031,358
16037,358
16043,353
16049,347
16054,343
16060,342
16066,345
16072,346
16078,343
16083,335
16089,330
16095,328
16101,331
16107,334
16112,333
16118,327
16124,321
16130,317
16136,319
16141,323
16147,323
16153,319
16159,312
16165,307
16170,307
16176,313
16182,315
16188,313
16194,306
16199,301
16205,300
16211,303
16217,307
16223,307
16228,301
16234,295
16240,292
16246,293
16252,299
16257,302
16263,300
16269,294
16275,290
16281,290
16286,296
16292,301
16298,302
16304,297
16310,292
16315,291
16321,294
16327,300
16333,303
16339,303
16344,298
16350,295
16356,296
16362,303
16368,308
16373,310
16379,307
16385,303
16391,303
16397,307
16403,314
16408,318
16414,318
16420,314
16426,312
16432,314
16437,321
16443,327
16449,330
16455,328
16461,325
16466,325
16472,330
16478,337
16484,341
16490,341
16495,337
16501,336
16507,339
16513,345
16519,350
16524,352
16530,350
16536,347
16542,349
16548,354
16553,360
16559,364
16565,363
16571,360
16577,360
16582,364
16588,369
16594,373
16600,374
16606,372
16611,370
16617,373
16623,377
16629,382
16635,384
16640,382
16646,379
16652,380
16658,383
16664,386
16669,389
16675,388
16681,386
16687,385
16693,388
16698,390
16704,394
16710,395
16716,393
16722,391
16727,392
16733,394
