⸮⸮⸮⸮⸮⸮⸮⸮⸮⸮⸮⸮⸮⸮⸮⸮⸮⸮⸮⸮⸮⸮⸮⸮⸮⸮⸮⸮⸮⸮⸮⸮⸮⸮⸮⸮⸮⸮⸮⸮⸮⸮⸮⸮⸮⸮⸮⸮⸮⸮⸮⸮⸮⸮⸮⸮⸮⸮⸮⸮⸮⸮⸮⸮⸮⸮⸮⸮⸮⸮⸮⸮⸮⸮⸮⸮⸮⸮⸮⸮⸮⸮⸮⸮⸮⸮⸮⸮⸮⸮⸮⸮⸮⸮⸮⸮⸮⸮⸮⸮⸮⸮⸮⸮⸮⸮⸮⸮⸮⸮⸮⸮⸮⸮⸮⸮⸮⸮⸮⸮⸮⸮⸮⸮⸮⸮⸮⸮⸮⸮⸮⸮⸮⸮⸮⸮⸮⸮⸮⸮⸮⸮⸮⸮⸮⸮⸮⸮⸮⸮⸮⸮⸮⸮⸮⸮⸮⸮⸮⸮⸮⸮⸮⸮⸮⸮⸮⸮⸮⸮⸮⸮⸮⸮⸮⸮⸮⸮⸮⸮⸮⸮⸮⸮⸮⸮⸮⸮⸮⸮⸮⸮⸮⸮⸮⸮⸮⸮⸮⸮⸮⸮⸮⸮⸮⸮⸮⸮⸮⸮⸮⸮⸮⸮⸮⸮⸮⸮⸮⸮⸮⸮⸮⸮⸮⸮⸮⸮⸮⸮⸮⸮⸮⸮⸮⸮⸮⸮⸮⸮⸮⸮⸮⸮⸮⸮⸮⸮⸮⸮⸮⸮⸮⸮⸮⸮⸮⸮⸮⸮⸮⸮⸮⸮⸮⸮⸮⸮⸮⸮⸮⸮⸮⸮⸮⸮⸮⸮⸮⸮⸮⸮⸮⸮⸮⸮⸮⸮⸮⸮⸮⸮⸮⸮⸮⸮⸮⸮⸮⸮⸮⸮⸮⸮⸮⸮⸮⸮⸮⸮⸮⸮⸮⸮⸮⸮⸮⸮⸮⸮⸮⸮⸮⸮⸮⸮⸮⸮⸮⸮⸮⸮⸮⸮⸮⸮⸮⸮⸮⸮⸮⸮⸮⸮⸮⸮⸮⸮⸮⸮⸮⸮⸮⸮⸮⸮⸮⸮⸮⸮⸮⸮⸮⸮⸮⸮⸮⸮⸮⸮⸮⸮⸮⸮⸮⸮⸮⸮⸮⸮⸮⸮⸮⸮⸮⸮⸮⸮⸮⸮⸮⸮⸮⸮⸮⸮⸮⸮⸮⸮⸮⸮⸮⸮⸮⸮⸮⸮⸮⸮⸮⸮⸮⸮⸮⸮⸮⸮⸮⸮⸮⸮⸮⸮⸮⸮⸮687,12.07
689,12.16
691,12.57
2,6.55
4,6.09
6,6.07
8,6.04
10,6.04
12,6.04
14,6.04
16,6.04
18,5.99
20,5.56
22,5.88
24,5.40
26,5.47
28,5.87
30,5.42
32,5.42
34,5.47
36,5.51
38,5.52
40,5.52
42,5.52
44,5.52
46,5.52
48,5.52
50,5.93
52,5.93
54,5.47
56,5.93
58,5.93
60,5.47
62,5.93
64,5.37
66,5.81
68,5.81
70,5.42
72,5.37
74,5.83
76,5.40
78,5.52
80,5.51
82,5.52
84,5.52
86,5.97
88,5.99
90,5.99
92,5.99
94,6.04
96,6.04
98,6.45
100,6.04
102,6.50
104,6.50
106,6.52
108,6.43
110,6.50
112,6.09
114,6.48
116,6.12
118,6.14
120,6.14
122,6.29
124,6.29
126,5.87
128,6.29
130,6.33
132,6.33
134,6.35
136,5.93
138,6.35
140,5.93
142,6.33
144,5.93
146,6.40
148,5.93
150,5.83
152,6.29
154,5.83
156,5.83
158,5.81
160,6.28
162,5.88
164,5.93
166,5.93
168,5.93
170,5.99
172,6.40
174,6.40
176,5.99
178,6.38
180,6.45
182,6.43
184,6.45
186,6.91
188,6.91
190,6.91
192,6.81
194,6.86
196,6.89
198,6.91
200,6.96
202,6.95
204,6.96
206,6.59
208,7.01
210,6.71
212,6.71
214,7.17
216,6.76
218,6.76
220,6.76
222,6.76
224,6.81
226,6.81
228,6.81
230,6.81
232,6.86
234,6.79
236,7.22
238,7.22
240,7.22
242,7.20
244,7.27
246,7.25
248,7.25
250,7.25
252,7.37
254,7.43
256,7.01
258,7.01
260,7.43
262,7.41
264,7.05
266,7.05
268,7.07
270,7.07
272,7.07
274,7.07
276,7.05
278,7.01
280,6.60
282,6.59
284,6.60
286,6.60
288,6.59
290,6.60
292,6.59
294,6.71
296,6.69
298,6.69
300,7.10
302,7.12
304,7.17
306,7.17
308,7.17
310,6.76
312,7.17
314,6.76
316,7.17
318,6.76
320,7.05
322,7.07
324,7.05
326,7.07
328,7.07
330,7.05
332,7.05
334,7.07
336,7.05
338,7.17
340,7.17
342,7.56
344,7.17
346,7.17
348,7.61
350,7.61
352,7.22
354,7.20
356,7.22
358,7.22
360,7.67
362,7.22
364,7.15
366,7.17
368,7.61
370,7.22
372,7.22
374,7.22
376,7.68
378,7.27
380,7.68
382,7.84
384,7.43
386,7.43
388,7.43
390,7.89
392,7.46
394,7.48
396,7.46
398,7.48
400,7.46
402,7.53
404,7.53
406,7.41
408,7.41
410,7.43
412,7.41
414,7.41
416,7.43
418,7.43
420,7.43
422,7.43
424,7.53
426,7.53
428,7.10
430,7.12
432,7.53
434,7.12
436,7.10
438,7.12
440,7.12
442,7.12
444,7.10
446,7.10
448,7.46
450,7.46
452,7.05
454,7.07
456,7.48
458,7.07
460,7.07
462,7.05
464,7.51
466,7.17
468,7.17
470,7.63
472,7.63
474,7.17
476,7.17
478,7.15
480,7.17
482,7.17
484,7.15
486,7.17
488,7.61
490,7.08
492,7.10
494,7.51
496,7.12
498,7.53
500,7.53
502,7.51
504,7.12
506,7.10
508,7.22
510,7.22
512,7.63
514,7.22
516,7.20
518,7.20
520,7.63
522,7.20
524,7.20
526,7.20
528,7.20
530,7.22
532,7.68
534,7.53
536,7.56
538,7.53
540,7.12
542,7.58
544,7.58
546,7.17
548,7.58
550,7.58
552,7.27
554,7.68
556,7.68
558,7.68
560,7.68
562,7.68
564,7.25
566,7.27
568,7.25
570,7.67
572,7.68
574,7.68
576,7.56
578,7.56
580,7.58
582,7.58
584,7.56
586,7.63
588,7.63
590,8.03
592,7.61
594,7.70
596,7.73
598,8.20
600,7.73
602,7.72
604,8.20
606,7.73
608,7.72
610,8.18
612,8.18
614,8.18
616,7.77
618,8.13
620,7.68
622,8.09
624,7.67
626,8.13
628,7.67
630,8.15
632,8.15
634,8.15
636,8.15
638,7.84
640,8.30
642,8.23
644,7.84
646,8.23
648,8.30
650,8.30
652,8.30
654,7.89
656,8.28
658,8.28
660,8.30
662,8.25
664,8.25
666,7.84
668,7.82
670,7.82
672,7.84
674,7.84
676,7.89
678,7.89
680,7.91
682,7.99
684,7.99
686,8.04
688,7.63
690,7.61
692,8.04
694,7.61
696,8.09
698,8.13
700,8.15
702,8.61
704,8.56
706,8.66
708,8.30
710,7.94
712,8.45
714,8.54
716,8.71
718,8.82
720,9.42
722,11.32
724,10.15
726,10.36
728,10.15
730,10.46
732,11.90
734,10.98
736,11.59
738,11.03
740,12.52
742,66.44
746,13.96
748,16.46
750,15.81
752,16.89
754,17.51
757,18.54
759,14.42
761,18.42
763,16.02
765,17.15
767,23.22
769,18.74
771,16.84
773,16.58
775,17.25
778,18.90
780,17.05
782,16.94
784,16.38
786,16.22
788,17.36
790,20.39
792,12.98
794,12.78
796,11.80
798,11.44
799,11.18
801,11.03
803,10.15
804,10.26
806,10.00
808,9.12
809,8.04
811,7.53
812,7.67
814,7.79
816,6.81
818,6.35
820,6.71
822,7.01
824,6.96
826,6.91
828,7.37
830,37.04
833,34.06
836,34.04
839,33.61
842,34.52
845,34.52
848,33.24
851,33.75
854,33.34
857,34.99
860,97.45
867,5.81
868,6.35
870,5.88
871,6.91
872,5.90
874,6.24
875,6.91
877,6.45
878,6.76
879,7.01
881,7.01
882,7.37
884,6.76
885,7.58
887,0.48
888,0.33
889,0.26
890,0.10
891,0.05
892,0.41
893,0.10
894,0.22
896,10.56
898,10.46
900,11.59
902,11.49
904,12.26
906,12.01
908,12.67
910,12.83
912,14.73
914,14.42
916,14.53
918,15.42
920,26.38
922,26.02
925,23.80
927,25.24
930,26.02
932,25.30
935,26.48
937,24.87
940,23.43
942,27.46
945,26.53
948,25.76
950,16.28
952,16.17
954,13.91
956,14.23
958,13.24
960,12.21
962,12.62
963,12.37
965,11.34
967,11.66
969,11.03
970,11.13
972,10.62
974,10.31
976,9.59
977,10.26
979,9.95
980,8.51
982,8.51
983,8.82
985,7.99
986,7.84
988,7.43
990,7.22
992,7.73
994,7.84
996,7.12
998,6.76
1000,7.37
1002,6.60
1004,6.76
1006,6.14
1008,6.81
1010,6.24
1012,6.55
1014,6.86
1016,6.81
1018,6.76
1020,6.86
1022,6.45
1024,7.37
1026,6.60
1028,6.29
1030,5.99
1032,7.48
1034,6.35
1036,7.43
1038,6.35
1040,7.07
1042,6.86
1044,7.17
1046,7.37
1048,7.22
1050,7.12
1052,7.43
1054,8.20
1056,8.04
1058,7.94
1060,9.07
1062,9.33
1064,9.59
1066,10.24
1068,9.64
1070,10.74
1072,10.62
1074,11.99
1076,11.80
1078,11.08
1080,12.07
1082,12.23
1084,11.49
1086,11.54
1088,12.38
1090,13.34
1092,12.98
1094,13.03
1096,12.23
1098,13.09
1100,12.26
1102,11.85
1104,12.26
1106,13.55
1108,12.67
1110,12.21
1112,12.57
1114,12.93
1116,12.42
1118,12.49
1120,11.08
1122,12.31
1124,12.16
1126,11.18
1128,11.08
1130,11.70
1132,11.54
1134,10.56
1136,10.77
1138,10.15
1140,10.41
1142,9.78
1144,9.59
1146,8.87
1148,9.07
1150,8.40
1152,8.71
1154,7.58
1156,7.79
1158,7.99
1160,7.73
1162,7.07
1164,7.32
1166,7.53
1168,6.91
1170,7.17
1172,7.01
1174,6.76
1176,7.48
1178,6.48
1180,6.40
1182,6.81
1184,6.76
1186,6.71
1188,6.71
1190,6.81
1192,6.86
1194,6.45
1196,6.55
1198,6.60
1200,7.17
1202,6.86
1204,7.01
1206,7.15
1208,7.32
1210,7.07
1212,7.27
1214,7.43
1216,7.99
1218,7.32
1220,7.94
1222,7.73
1224,7.99
1226,8.20
1228,8.40
1230,8.56
1232,9.18
1234,8.97
1236,9.54
1238,9.28
1240,10.26
1242,10.53
1244,10.62
1246,10.31
1248,10.87
1250,10.98
1252,10.67
1254,11.18
1256,11.23
1258,11.59
1260,11.70
1262,12.16
1264,11.75
1266,11.73
1268,11.80
1270,11.39
1272,11.80
1274,11.78
1276,11.75
1278,12.16
1280,11.70
1282,11.64
1284,11.13
1286,10.72
1288,10.67
1290,10.98
1292,10.92
1294,10.77
1296,10.72
1298,10.56
1300,10.46
1302,9.79
1304,9.64
1306,9.54
1308,9.33
1310,9.18
1312,8.61
1314,8.87
1316,7.84
1318,8.09
1320,8.35
1322,7.84
1324,8.09
1326,7.92
1328,7.79
1330,7.63
1332,7.48
1334,7.79
1336,7.22
1338,7.53
1340,7.43
1342,7.37
1344,7.15
1346,7.12
1348,7.07
1350,6.60
1352,7.01
1354,7.00
1356,6.59
1358,7.05
1360,6.76
1362,7.22
1364,7.27
1366,7.37
1368,7.07
1370,7.12
1372,7.22
1374,7.79
1376,7.48
1378,7.17
1380,7.32
1382,7.48
1384,7.58
1386,7.67
1388,7.79
1390,7.94
1392,8.09
1394,8.66
1396,8.35
1398,8.45
1400,9.07
1402,8.76
1404,8.87
1406,9.84
1408,9.95
1410,9.69
1412,9.79
1414,10.29
1416,10.36
1418,10.41
1420,10.51
1422,10.10
1424,10.15
1426,10.20
1428,10.20
1430,10.56
1432,10.15
1434,10.15
1436,10.15
1438,10.15
1440,10.15
1442,10.10
1444,10.10
1446,10.05
1448,10.05
1450,9.98
1452,10.36
1454,10.36
1456,10.31
1458,10.20
1460,9.74
1462,10.10
1464,10.00
1466,9.43
1468,9.33
1470,9.23
1472,9.02
1474,8.92
1476,7.94
1478,8.25
1480,8.09
1482,7.99
1484,7.89
1486,7.73
1488,7.58
1490,7.58
1492,7.89
1494,7.79
1496,7.68
1498,7.17
1500,7.48
1502,7.37
1504,7.32
1506,7.22
1508,7.17
1510,7.58
1512,7.12
1514,7.00
1516,6.96
1518,6.96
1520,7.37
1522,6.96
1524,7.41
1526,6.60
1528,7.07
1530,7.12
1532,7.27
1534,7.32
1536,7.84
1538,7.53
1540,7.17
1542,7.68
1544,7.79
1546,7.48
1548,7.58
1550,7.68
1552,8.25
1554,8.35
1556,7.97
1558,8.04
1560,8.56
1562,8.25
1564,8.35
1566,8.45
1568,8.97
1570,9.07
1572,8.76
1574,8.82
1576,9.33
1578,9.83
1580,9.90
1582,10.05
1584,9.69
1586,9.74
1588,9.79
1590,10.26
1592,10.26
1594,10.26
1596,10.31
1598,10.31
1600,10.20
1602,10.20
1604,10.20
1606,10.20
1608,9.74
1610,10.14
1612,9.69
1614,10.10
1616,9.62
1618,9.59
1620,9.95
1622,9.90
1624,9.48
1626,9.38
1628,8.92
1630,8.87
1632,9.18
1634,9.07
1636,8.56
1638,8.45
1640,8.40
1642,8.63
1644,8.44
1646,7.92
1648,7.89
1650,8.20
1652,8.08
1654,7.58
1656,7.46
1658,7.82
1660,8.20
1662,8.18
1664,7.68
1666,7.22
1668,7.58
1670,7.53
1672,7.48
1674,7.89
1676,7.84
1678,7.79
1680,7.79
1682,7.79
1684,7.79
1686,7.67
1688,8.15
1690,7.73
1692,7.37
1694,7.37
1696,7.00
1698,7.48
1700,7.05
1702,7.58
1704,7.79
1706,8.30
1708,7.51
1710,7.58
1712,7.63
1714,8.15
1716,8.25
1718,7.94
1720,7.58
1722,8.09
1724,8.61
1726,8.71
1728,8.66
1730,8.35
1732,8.40
1734,8.90
1736,8.95
1738,9.06
1740,9.12
1742,8.76
1744,9.23
1746,9.28
1748,9.28
1750,9.33
1752,9.88
1754,10.36
1756,9.95
1758,10.39
1760,10.41
1762,10.00
1764,10.41
1766,10.00
1768,10.39
1770,9.91
1772,9.84
1774,9.78
1776,9.78
1778,9.74
1780,9.28
1782,9.23
1784,8.76
1786,9.12
1788,9.54
1790,9.02
1792,9.38
1794,8.97
1796,8.51
1798,8.40
1800,8.76
1802,8.71
1804,8.61
1806,8.09
1808,8.04
1810,7.99
1812,7.89
1814,8.15
1816,8.04
1818,7.53
1820,7.48
1822,7.43
1824,7.79
1826,7.73
1828,7.68
1830,7.63
1832,7.68
1834,7.22
1836,7.17
1838,7.17
1840,7.12
1842,7.12
1844,7.12
1846,7.12
1848,7.12
1850,7.12
1852,7.12
1854,7.17
1856,7.05
1858,7.12
1860,7.58
1862,7.63
1864,7.68
1866,7.73
1868,7.79
1870,7.43
1872,7.48
1874,7.63
1876,7.68
1878,8.20
1880,8.25
1882,7.94
1884,7.97
1886,8.04
1888,8.09
1890,8.15
1892,8.66
1894,8.71
1896,8.76
1898,8.32
1900,8.35
1902,8.40
1904,8.87
1906,8.92
1908,8.97
1910,9.43
1912,9.48
1914,9.47
1916,9.52
1918,9.11
1920,9.12
1922,9.23
1924,9.69
1926,9.28
1928,9.69
1930,9.23
1932,9.23
1934,9.23
1936,9.64
1938,9.59
1940,9.55
1942,9.43
1944,8.97
1946,8.92
1948,8.87
1950,8.40
1952,8.35
1954,8.76
1956,8.71
1958,8.66
1960,8.56
1962,8.61
1964,8.09
1966,8.04
1968,7.99
1970,7.94
1972,8.30
1974,8.25
1976,8.20
1978,7.68
1980,7.61
1982,7.58
1984,7.43
1986,7.41
1988,7.79
1990,7.73
1992,7.68
1994,7.63
1996,7.63
1998,7.56
2000,7.58
2002,7.22
2004,7.63
2006,7.22
2008,7.22
2010,7.22
2012,7.22
2014,7.63
2016,7.68
2018,7.68
2020,7.73
2022,7.79
2024,8.25
2026,8.18
2028,7.77
2030,7.43
2032,7.43
2034,7.48
2036,7.53
2038,7.58
2040,8.09
2042,8.15
2044,8.20
2046,7.94
2048,7.99
2050,8.04
2052,8.09
2054,8.15
2056,8.61
2058,9.12
2060,8.71
2062,8.76
2064,8.40
2066,8.87
2068,8.45
2070,8.40
2072,8.40
2074,8.87
2076,8.87
2078,9.33
2080,8.92
2082,8.92
2084,9.38
2086,9.38
2088,8.97
2090,9.38
2092,9.48
2094,9.02
2096,9.02
2098,9.02
2100,8.97
2102,8.97
2104,8.51
2106,8.92
2108,8.45
2110,8.45
2112,8.30
2114,8.71
2116,8.66
2118,9.02
2120,8.97
2122,8.45
2124,7.99
2126,7.94
2128,7.89
2130,7.87
2132,7.94
2134,8.30
2136,8.25
2138,8.20
2140,8.15
2142,8.09
2144,7.63
2146,7.58
2148,7.53
2150,7.53
2152,7.89
2154,7.84
2156,7.73
2158,7.73
2160,7.68
2162,7.68
2164,7.63
2166,7.63
2168,7.63
2170,7.63
2172,7.63
2174,7.73
2176,7.79
2178,7.79
2180,7.79
2182,7.84
2184,7.84
2186,7.89
2188,7.89
2190,7.53
2192,7.53
2194,7.58
2196,7.63
2198,7.53
2200,7.58
2202,8.04
2204,8.09
2206,8.15
2208,8.20
2210,7.84
2212,7.89
2214,7.89
2216,7.96
2218,8.09
2220,8.56
2222,8.61
2224,8.66
2226,8.71
2228,8.71
2230,8.76
2232,8.82
2234,8.82
2236,8.82
2238,8.45
2240,8.35
2242,8.35
2244,8.82
2246,8.82
2248,8.82
2250,8.82
2252,8.82
2254,8.82
2256,8.82
2258,8.76
2260,8.45
2262,8.45
2264,8.87
2266,8.40
2268,8.82
2270,8.76
2272,8.76
2274,8.71
2276,9.12
2278,8.66
2280,8.61
2282,8.51
2284,8.40
2286,7.94
2288,8.35
2290,7.89
2292,7.84
2294,8.25
2296,8.20
2298,8.15
2300,8.09
2302,8.15
2304,8.15
2306,7.63
2308,7.63
2310,7.58
2312,7.58
2314,7.53
2316,7.53
2318,7.53
2320,7.94
2322,7.89
2324,7.89
2326,7.79
2328,7.79
2330,7.79
2332,7.79
2334,7.79
2336,7.79
2338,7.79
2340,7.79
2342,7.79
2344,7.53
2346,7.53
2348,7.53
2350,7.58
2352,7.17
2354,7.17
2356,7.63
2358,7.63
2360,7.68
2362,8.15
2364,8.20
2366,8.25
2368,8.61
2370,8.20
2372,7.84
2374,7.84
2376,7.48
2378,7.48
2380,7.94
2382,7.53
2384,7.99
2386,8.45
2388,8.52
2390,8.61
2392,8.66
2394,8.66
2396,9.12
2398,8.71
2400,8.71
2402,8.71
2404,8.76
2406,8.76
2408,8.76
2410,8.66
2412,8.66
2414,8.66
2416,8.66
2418,8.66
2420,8.66
2422,8.61
2424,8.61
2426,8.61
2428,8.56
2430,8.56
2432,8.61
2434,8.63
2436,8.56
2438,8.56
2440,8.09
2442,8.04
2444,8.04
2446,7.99
2448,7.99
2450,7.94
2452,7.94
2454,8.20
2456,8.20
2458,8.15
2460,8.09
2462,8.09
2464,8.04
2466,7.99
2468,7.58
2470,7.53
2472,7.63
2474,7.58
2476,7.58
2478,7.58
2480,7.99
2482,7.53
2484,7.53
2486,7.53
2488,7.53
2490,7.53
2492,7.53
2494,7.53
2496,7.43
2498,7.43
2500,7.43
2502,7.43
2504,7.43
2506,7.48
2508,7.05
2510,7.46
2512,7.53
2514,7.63
2516,7.63
2518,7.68
2520,8.15
2522,8.15
2524,8.20
2526,8.25
2528,8.25
2530,8.30
2532,7.89
2534,8.35
2536,7.94
2538,7.89
2540,7.48
2542,7.48
2544,7.94
2546,7.53
2548,7.94
2550,7.99
2552,7.99
2554,8.45
2556,8.04
2558,8.45
2560,8.61
2562,8.61
2564,8.61
2566,8.61
2568,8.61
2570,8.61
2572,8.61
2574,8.61
2576,8.61
2578,8.61
2580,8.61
2582,8.45
2584,8.45
2586,8.45
2588,7.99
2590,7.99
2592,7.94
2594,7.53
2596,7.89
2598,7.48
2600,7.58
2602,7.94
2604,7.53
2606,7.89
2608,7.89
2610,8.25
2612,8.25
2614,8.20
2616,8.15
2618,8.15
2620,7.68
2622,7.63
2624,7.53
2626,7.07
2628,7.07
2630,7.48
2632,7.01
2634,7.43
2636,7.43
2638,7.37
2640,7.37
2642,7.48
2644,7.48
2646,7.84
2648,7.89
2650,7.84
2652,7.84
2654,7.84
2656,7.43
2658,7.84
2660,7.89
2662,7.48
2664,7.48
2666,7.43
2668,7.37
2670,7.01
2672,7.43
2674,7.01
2676,7.01
2678,7.01
2680,7.07
2682,7.07
2684,7.53
2686,7.63
2688,7.68
2690,7.68
2692,7.73
2694,7.73
2696,8.20
2698,8.20
2700,8.25
2702,8.25
2704,7.89
2706,7.89
2708,7.89
2710,7.79
2712,7.79
2714,7.43
2716,7.84
2718,7.43
2720,7.84
2722,7.43
2724,7.84
2726,7.43
2728,7.87
2730,7.53
2732,7.94
2734,7.53
2736,7.94
2738,7.53
2740,7.94
2742,7.94
2744,7.89
2746,7.89
2748,7.89
2750,8.30
2752,8.15
2754,8.15
2756,8.09
2758,8.09
2760,8.09
2762,7.63
2764,8.04
2766,7.58
2768,7.58
2770,7.63
2772,7.63
2774,7.63
2776,7.17
2778,7.58
2780,7.56
2782,7.53
2784,7.12
2786,7.12
2788,7.53
2790,7.48
2792,7.48
2794,7.41
2796,7.37
2798,7.37
2800,7.37
2802,7.37
2804,7.37
2806,7.37
2808,7.37
2810,7.37
2812,7.39
2814,7.48
2816,7.48
2818,7.48
2820,7.48
2822,7.48
2824,7.48
2826,7.48
2828,7.53
2830,7.12
2832,7.12
2834,7.12
2836,7.58
2838,7.07
2840,7.07
2842,7.53
2844,7.53
2846,7.12
2848,7.53
2850,7.58
2852,7.58
2854,7.63
2856,7.73
2858,8.20
2860,7.79
2862,8.20
2864,8.25
2866,8.25
2868,7.84
2870,8.25
2872,8.30
2874,7.89
2876,7.89
2878,7.89
2880,7.77
2882,7.77
2884,7.79
2886,7.79
2888,7.79
2890,7.79
2892,7.79
2894,7.79
2896,7.79
2898,7.79
2900,7.89
2902,8.30
2904,7.89
2906,8.25
2908,7.84
2910,7.84
2912,8.25
2914,7.79
2916,8.20
2918,8.20
2920,7.73
2922,7.70
2924,7.58
2926,7.58
2928,7.58
2930,7.53
2932,7.53
2934,7.53
2936,7.48
2938,7.48
2940,7.48
2942,7.58
2944,7.58
2946,7.12
2948,7.53
2950,7.53
2952,7.53
2954,7.48
2956,7.48
2958,7.48
2960,7.48
2962,7.48
2964,7.48
2966,7.32
2968,7.37
2970,7.32
2972,7.32
2974,7.32
2976,7.32
2978,7.32
2980,7.32
2982,7.32
2984,7.48
2986,7.48
2988,7.48
2990,7.48
2992,7.48
2994,7.48
2996,7.48
2998,7.48
3000,7.48
3002,7.53
3004,7.53
3006,7.53
3008,7.43
3010,7.48
3012,7.48
3014,7.07
3016,7.48
3018,7.48
3020,7.48
3022,7.12
3024,7.53
3026,7.61
3028,7.63
3030,7.22
3032,7.68
3034,7.68
3036,7.68
3038,7.72
3040,7.73
3042,7.68
3044,7.73
3046,7.73
3048,7.73
3050,7.70
3052,8.04
3054,7.63
3056,7.63
3058,7.63
3060,7.61
3062,7.63
3064,7.63
3066,7.17
3068,8.04
3070,7.27
3072,7.27
3074,7.68
3076,7.68
3078,7.68
3080,7.63
3082,7.22
3084,7.63
3086,7.22
3088,7.58
3090,7.58
3092,7.58
3094,7.48
3096,7.48
3098,7.43
3100,7.41
3102,7.41
3104,7.43
3106,7.37
3108,7.37
3110,7.37
3112,7.48
3114,7.43
3116,7.43
3118,7.43
3120,7.43
3122,7.43
3124,7.43
3126,7.84
3128,7.79
3130,7.43
3132,7.37
3134,7.37
3136,7.27
3138,7.72
3140,7.27
3142,7.32
3144,7.73
3146,7.32
3148,7.32
3150,7.32
3152,7.32
3154,7.43
3156,7.89
3158,7.89
3160,7.48
3162,7.48
3164,7.48
3166,7.94
3168,7.53
3170,7.53
3172,7.53
3174,7.53
3176,7.58
3178,7.49
3180,7.48
3182,7.48
3184,7.48
3186,7.07
3188,7.07
3190,7.53
3192,7.53
3194,7.12
3196,7.22
3198,7.22
3200,7.22
3202,8.09
3204,7.22
3206,7.22
3208,7.68
3210,7.22
3212,7.22
3214,7.68
3216,7.22
3218,7.22
3220,7.63
3222,7.12
3224,7.12
3226,7.12
3228,7.12
3230,7.12
3232,7.12
3234,7.53
3236,7.05
3238,7.46
3240,7.58
3242,7.17
3244,7.58
3246,7.56
3248,7.58
3250,7.53
3252,7.53
3254,7.53
3256,7.53
3258,7.53
3260,7.48
3262,7.48
3264,7.37
3266,7.37
3268,7.37
3270,7.32
3272,7.32
3274,7.73
3276,7.73
3278,7.32
3280,7.32
3282,7.43
3284,7.43
3286,7.84
3288,7.43
3290,7.84
3292,7.43
3294,7.43
3296,7.84
3298,7.43
3300,7.43
3302,7.84
3304,7.43
3306,7.82
3308,7.32
3310,7.32
3312,7.79
3314,7.37
3316,7.79
3318,7.37
3320,7.37
3322,7.37
3324,7.79
3326,7.53
3328,7.53
3330,7.53
3332,7.53
3334,7.53
3336,7.53
3338,7.58
3340,7.58
3342,7.58
3344,7.17
3346,7.17
3348,7.58
3350,7.05
3352,7.07
3354,7.07
3356,7.07
3358,7.05
3360,7.48
3362,7.48
3364,7.53
3366,7.12
3368,7.58
3370,7.17
3372,7.63
3374,7.15
3376,7.58
3378,7.56
3380,7.17
3382,7.58
3384,7.58
3386,7.17
3388,7.58
3390,7.58
3392,7.48
3394,7.48
3396,7.48
3398,7.43
3400,7.43
3402,7.43
3404,7.43
3406,7.41
3408,7.43
3410,7.53
3412,7.48
3414,7.89
3416,7.48
3418,7.48
3420,7.48
3422,7.89
3424,7.89
3426,7.84
3428,7.43
3430,7.84
3432,7.43
3434,7.32
3436,7.73
3438,7.32
3440,7.73
3442,7.73
3444,7.32
3446,7.32
3448,7.73
3450,7.73
3452,7.41
3454,7.84
3456,7.84
3458,7.43
3460,7.84
3462,7.43
3464,7.43
3466,7.89
3468,7.89
3470,7.48
3472,7.48
3474,7.48
3476,7.48
3478,7.37
3480,7.43
3482,7.43
3484,7.43
3486,7.43
3488,7.43
3490,7.43
3492,7.43
3494,7.43
3496,7.58
3498,7.17
3500,7.58
3502,7.58
3504,7.17
3506,7.58
3508,7.17
3510,7.58
3512,7.17
3514,7.17
3516,7.58
3518,7.58
3520,7.07
3522,7.48
3524,7.48
3526,7.07
3528,7.48
3530,7.48
3532,7.07
3534,7.07
3536,7.48
3538,7.58
3540,7.17
3542,7.17
3544,7.58
3546,7.17
3548,7.58
3550,7.56
3552,7.53
3554,7.53
3556,7.53
3558,7.53
3560,7.53
3562,7.43
3564,7.43
3566,7.37
3568,7.79
3570,7.37
3572,7.37
3574,7.37
3576,7.37
3578,7.37
3580,7.73
3582,7.43
3584,7.89
3586,7.43
3588,7.43
3590,7.84
3592,7.43
3594,7.84
3596,7.37
3598,7.79
3600,7.79
3602,7.37
3604,7.37
3606,7.68
3608,7.27
3610,7.68
3612,7.27
3614,7.68
3616,7.27
3618,7.27
3620,7.27
3622,7.27
3624,7.37
3626,7.37
3628,7.37
3630,7.37
3632,7.37
3634,7.79
3636,7.37
3638,7.37
3640,7.84
3642,7.43
3644,7.43
3646,7.43
3648,7.32
3650,7.32
3652,7.73
3654,7.32
3656,7.37
3658,7.37
3660,7.37
3662,7.37
3664,7.37
3666,7.48
3668,7.48
3670,7.53
3672,7.48
3674,7.53
3676,7.53
3678,7.53
3680,7.53
3682,7.53
3684,7.53
3686,7.53
3688,7.53
3690,7.44
3692,7.43
3694,7.01
3696,7.43
3698,7.41
3700,7.43
3702,7.43
3704,7.43
3706,7.43
3708,7.43
3710,7.53
3712,7.53
3714,7.12
3716,7.53
3718,7.94
3720,7.89
3722,7.89
3724,7.48
3726,7.48
3728,7.48
3730,7.48
3732,7.48
3734,7.79
3736,7.32
3738,7.32
3740,7.32
3742,7.73
3744,7.32
3746,7.32
3748,7.68
3750,7.27
3752,7.37
3754,7.37
3756,7.37
3758,7.37
3760,7.37
3762,7.32
3764,7.37
3766,7.32
3768,7.36
3770,7.32
3772,7.32
3774,7.32
3776,7.22
3778,7.22
3780,7.22
3782,7.22
3784,7.22
3786,7.22
3788,7.22
3790,7.22
3792,7.22
3794,7.32
3796,7.32
3798,7.32
3800,7.32
3802,7.32
3804,7.73
3806,7.32
3808,7.32
3810,7.32
3812,7.73
3814,7.79
3816,7.79
3818,7.31
3820,7.27
3822,7.68
3824,7.27
3826,7.27
3828,7.27
3830,7.67
3832,7.27
3834,7.27
3836,7.37
3838,7.84
3840,7.79
3842,7.43
3844,7.43
3846,7.43
3848,7.43
3850,7.43
3852,7.43
3854,7.43
3856,7.43
3858,7.43
3860,7.43
3862,7.37
3864,7.32
3866,7.32
3868,7.32
3870,7.32
3872,7.32
3874,7.32
3876,7.32
3878,7.32
3880,7.43
3882,7.43
3884,7.43
3886,7.43
3888,7.43
3890,7.43
3892,7.41
3894,7.43
3896,7.43
3898,7.84
3900,7.43
3902,7.84
3904,7.73
3906,7.27
3908,7.27
3910,7.27
3912,7.27
3914,7.27
3916,7.27
3918,7.27
3920,7.27
3922,7.37
3924,7.37
3926,7.79
3928,7.79
3930,7.37
3932,7.37
3934,7.79
3936,7.37
3938,7.79
3940,7.37
3942,7.37
3944,7.37
3946,7.32
3948,7.27
3950,7.27
3952,7.27
3954,7.27
3956,7.27
3958,7.27
3960,7.27
3962,7.25
3964,7.37
3966,7.79
3968,7.84
3970,7.43
3972,7.43
3974,7.43
3976,7.43
3978,7.43
3980,7.43
3982,7.43
3984,7.84
3986,7.89
3988,7.48
3990,7.37
3992,7.37
3994,7.37
3996,7.37
3998,7.37
4000,7.37
4002,7.79
4004,7.37
4006,7.84
4008,7.53
4010,7.53
4012,7.94
4014,7.53
4016,7.53
4018,7.94
4020,7.53
4022,7.53
4024,7.94
4026,7.53
4028,7.58
4030,7.53
4032,7.43
4034,7.43
4036,7.43
4038,7.43
4040,7.43
4042,7.43
4044,7.43
4046,7.43
4048,7.43
4050,7.53
4052,7.51
4054,7.53
4056,7.12
4058,7.53
4060,7.48
4062,7.48
4064,7.48
4066,7.48
4068,7.48
4070,7.89
4072,7.48
4074,7.32
4076,7.32
4078,7.31
4080,7.32
4082,7.73
4084,7.32
4086,7.73
4088,7.73
4090,7.27
4092,7.37
4094,7.37
4096,7.84
4098,7.37
4100,7.79
4102,7.37
4104,7.79
4106,7.37
4108,7.79
4110,7.32
4112,7.32
4114,7.32
4116,7.32
4118,7.63
4120,7.63
4122,7.63
4124,7.61
4126,7.63
4128,7.63
4130,7.68
4132,7.68
4134,7.68
4136,7.79
4138,7.79
4140,7.79
4142,7.79
4144,7.79
4146,7.79
4148,7.79
4150,7.79
4152,7.79
4154,7.79
4156,7.79
4158,7.79
4160,7.68
4162,7.68
4164,7.68
4166,7.68
4168,7.68
4170,7.68
4172,7.68
4174,7.68
4176,7.68
4178,7.68
4180,7.32
4182,7.32
4184,7.32
4186,7.32
4188,7.32
4190,7.32
4192,7.32
4194,7.32
4196,7.27
4198,7.27
4200,7.27
4202,7.24
4204,7.17
4206,7.17
4208,7.17
4210,7.17
4212,7.17
4214,7.12
4216,7.12
4218,7.12
4220,7.22
4222,7.17
4224,7.17
4226,7.17
4228,6.76
4230,6.76
4232,7.17
4234,7.17
4236,7.12
4238,6.71
4240,6.71
4242,6.71
4244,6.71
4246,6.60
4248,6.60
4250,6.60
4252,7.01
4254,7.01
4256,7.01
4258,7.01
4260,6.96
4262,7.07
4264,7.07
4266,7.07
4268,7.07
4270,7.07
4272,7.07
4274,7.07
4276,6.71
4278,6.71
4280,6.76
4282,7.22
4284,7.27
4286,7.32
4288,7.68
4290,7.32
4292,7.36
4294,7.41
4296,7.01
4298,7.48
4300,7.53
4302,7.58
4304,8.51
4306,8.56
4308,8.61
4310,8.71
4312,9.18
4314,7.99
4316,8.45
4318,8.51
4320,9.54
4322,9.23
4324,8.51
4326,9.95
4328,9.33
4330,11.22
4332,9.69
4334,11.70
4336,11.95
4338,10.10
4340,12.52
4342,11.85
4344,16.12
4346,12.06
4348,10.87
4350,13.24
4352,13.14
4354,18.40
4356,15.68
4358,37.61
4361,16.43
4363,20.00
4365,18.08
4368,14.83
4370,16.48
4372,16.81
4374,17.15
4376,15.66
4378,16.22
4380,16.02
4382,46.24
4386,16.81
4388,14.59
4390,12.62
4392,12.88
4394,10.98
4395,11.75
4397,10.20
4399,10.72
4401,9.59
4402,9.38
4404,9.38
4405,9.23
4407,7.94
4409,8.61
4410,7.73
4412,7.12
4414,6.29
4416,6.14
4418,6.04
4420,5.99
4422,5.06
4424,5.01
4426,4.60
4428,5.16
4430,4.90
4432,4.17
4434,5.21
4436,4.60
4438,41.81
4441,72.68
4446,28.38
4449,24.16
4452,24.88
4454,25.40
4457,25.26
4460,6.33
4461,7.07
4462,3.67
4464,4.75
4465,4.54
4466,3.82
4468,5.21
4469,3.77
4470,4.85
4472,4.13
4473,5.27
4474,5.11
4476,4.89
4478,5.73
4480,6.19
4482,5.78
4484,6.19
4486,6.60
4488,7.07
4490,7.89
4492,8.66
4494,8.56
4496,8.92
4498,9.23
4500,9.95
4502,10.10
4504,10.82
4506,10.15
4508,10.82
4510,10.98
4512,11.54
4514,12.57
4516,12.26
4518,12.83
4520,13.34
4522,12.98
4524,24.83
4526,15.31
4528,16.64
4530,16.70
4532,17.17
4534,18.04
4537,15.42
4539,16.24
4541,14.13
4543,13.26
4544,14.44
4546,14.39
4548,12.54
4550,13.34
4552,11.92
4554,12.79
4556,11.80
4558,12.06
4560,10.56
4562,11.34
4564,10.67
4566,10.05
4568,10.26
4570,9.33
4572,9.48
4574,9.21
4576,8.97
4578,9.07
4580,7.99
4582,7.20
4584,7.32
4586,6.98
4588,6.59
4590,6.29
4592,6.40
4594,6.14
4596,5.88
4598,6.02
4600,5.83
4602,5.73
4604,5.51
4606,5.78
4608,5.63
4610,5.06
4612,4.96
4614,5.78
4616,5.32
4618,5.73
4620,5.32
4622,5.35
4624,4.96
4626,5.06
4628,5.63
4630,5.21
4632,4.90
4634,5.52
4636,5.27
4638,5.93
4640,5.32
4642,5.99
4644,5.88
4646,6.19
4648,6.45
4650,6.29
4652,6.96
4654,6.81
4656,7.53
4658,7.79
4660,8.45
4662,8.71
4664,8.87
4666,9.12
4668,9.33
4670,9.95
4672,10.00
4674,10.15
4676,10.31
4678,10.41
4680,10.51
4682,10.67
4684,10.77
4686,10.41
4688,10.46
4690,11.39
4692,11.90
4694,11.08
4696,12.37
4698,11.13
4700,11.70
4702,11.28
4704,11.23
4706,11.64
4708,12.06
4710,11.59
4712,11.54
4714,10.96
4716,10.87
4718,10.36
4720,10.72
4722,10.62
4724,10.46
4726,9.95
4728,10.26
4730,10.12
4732,9.54
4734,9.79
4736,8.85
4738,9.84
4740,8.92
4742,8.76
4744,8.56
4746,7.94
4748,7.68
4750,7.07
4752,7.27
4754,6.65
4756,6.79
4758,6.55
4760,6.35
4762,6.14
4764,6.40
4766,5.78
4768,6.07
4770,5.93
4772,5.92
4774,5.42
4776,5.78
4778,6.09
4780,6.04
4782,6.04
4784,6.04
4786,6.04
4788,6.04
4790,6.09
4792,5.73
4794,5.83
4796,5.88
4798,5.99
4800,6.04
4802,5.71
4804,6.29
4806,6.09
4808,6.24
4810,6.45
4812,6.60
4814,6.81
4816,6.96
4818,7.27
4820,7.07
4822,7.63
4824,8.30
4826,7.58
4828,8.20
4830,8.35
4832,8.92
4834,9.48
4836,9.23
4838,9.33
4840,9.90
4842,9.55
4844,9.54
4846,9.64
4848,10.15
4850,10.26
4852,10.77
4854,10.36
4856,10.00
4858,10.87
4860,9.59
4862,10.05
4864,10.51
4866,9.74
4868,9.74
4870,10.15
4872,11.03
4874,10.10
4876,10.10
4878,10.05
4880,10.41
4882,10.36
4884,10.72
4886,9.64
4888,10.00
4890,9.95
4892,9.33
4894,9.23
4896,9.12
4898,9.43
4900,8.87
4902,8.30
4904,8.61
4906,8.09
4908,7.53
4910,7.79
4912,7.63
4914,7.05
4916,7.32
4918,6.71
4920,7.01
4922,6.81
4924,6.71
4926,6.60
4928,6.29
4930,5.78
4932,6.09
4934,6.43
4936,5.88
4938,5.83
4940,5.78
4942,5.81
4944,6.24
4946,6.19
4948,6.19
4950,6.19
4952,6.19
4954,5.83
4956,6.29
4958,5.88
4960,5.93
4962,6.45
4964,6.55
4966,6.24
4968,6.35
4970,6.35
4972,6.50
4974,6.60
4976,6.71
4978,6.89
4980,6.60
4982,7.17
4984,7.79
4986,7.48
4988,8.04
4990,7.84
4992,7.99
4994,8.51
4996,8.71
4998,8.82
5000,8.92
5002,9.43
5004,9.54
5006,9.18
5008,9.28
5010,9.33
5012,9.84
5014,9.36
5016,9.84
5018,9.48
5020,9.95
5022,9.12
5024,9.59
5026,9.59
5028,9.18
5030,9.18
5032,10.00
5034,10.00
5036,9.59
5038,9.23
5040,10.05
5042,9.59
5044,9.54
5046,9.90
5048,9.43
5050,9.33
5052,9.28
5054,9.64
5056,9.02
5058,9.38
5060,9.23
5062,8.76
5064,8.66
5066,8.56
5068,8.40
5070,7.89
5072,7.79
5074,7.63
5076,7.63
5078,7.53
5080,7.84
5082,7.27
5084,7.15
5086,7.07
5088,6.91
5090,6.81
5092,6.71
5094,6.65
5096,6.55
5098,6.84
5100,6.29
5102,6.24
5104,6.19
5106,6.14
5108,6.14
5110,6.09
5112,6.09
5114,6.19
5116,6.23
5118,6.24
5120,6.29
5122,5.88
5124,6.35
5126,5.99
5128,6.50
5130,6.55
5132,6.65
5134,6.71
5136,6.81
5138,6.50
5140,7.01
5142,7.01
5144,7.12
5146,6.81
5148,7.32
5150,7.01
5152,7.53
5154,7.68
5156,7.79
5158,7.84
5160,7.97
5162,8.56
5164,8.66
5166,8.71
5168,8.76
5170,8.40
5172,8.92
5174,9.38
5176,9.02
5178,9.48
5180,9.07
5182,9.12
5184,9.07
5186,9.07
5188,9.54
5190,9.54
5192,9.12
5194,9.12
5196,9.07
5198,9.07
5200,9.07
5202,9.02
5204,9.02
5206,9.07
5208,9.02
5210,9.43
5212,8.97
5214,8.92
5216,9.28
5218,8.76
5220,9.18
5222,8.61
5224,9.02
5226,8.04
5228,7.89
5230,7.79
5232,8.15
5234,7.63
5236,7.53
5238,7.43
5240,7.32
5242,7.27
5244,7.27
5246,7.17
5248,7.12
5250,7.07
5252,6.96
5254,6.86
5256,6.40
5258,6.76
5260,6.71
5262,6.65
5264,6.60
5266,6.55
5268,6.50
5270,6.86
5272,6.40
5274,6.40
5276,6.40
5278,6.40
5280,6.40
5282,6.45
5284,6.43
5286,6.60
5288,6.24
5290,6.29
5292,6.35
5294,6.40
5296,6.45
5298,6.96
5300,7.01
5302,7.07
5304,6.76
5306,6.81
5308,7.32
5310,7.43
5312,7.37
5314,7.48
5316,7.12
5318,7.63
5320,7.68
5322,7.79
5324,8.25
5326,7.89
5328,7.94
5330,8.40
5332,8.51
5334,8.61
5336,9.12
5338,8.71
5340,8.76
5342,9.23
5344,8.82
5346,9.23
5348,8.87
5350,8.87
5352,8.45
5354,8.78
5356,8.75
5358,8.76
5360,8.75
5362,8.75
5364,9.18
5366,8.71
5368,9.12
5370,8.66
5372,8.61
5374,8.61
5376,8.59
5378,9.02
5380,8.54
5382,8.09
5384,8.04
5386,7.99
5388,8.30
5390,8.25
5392,7.79
5394,7.73
5396,7.22
5398,7.07
5400,7.43
5402,7.32
5404,7.27
5406,6.76
5408,6.71
5410,6.65
5412,6.60
5414,7.07
5416,7.01
5418,6.96
5420,6.91
5422,6.45
5424,6.40
5426,6.40
5428,6.35
5430,6.35
5432,6.74
5434,6.71
5436,6.29
5438,6.71
5440,6.65
5442,6.24
5444,6.24
5446,6.23
5448,6.29
5450,6.33
5452,6.81
5454,6.84
5456,6.89
5458,7.07
5460,6.71
5462,7.17
5464,7.22
5466,6.84
5468,7.32
5470,7.43
5472,7.48
5474,7.53
5476,7.17
5478,7.22
5480,7.73
5482,7.70
5484,8.15
5486,8.20
5488,7.84
5490,7.89
5492,7.94
5494,8.40
5496,7.99
5498,8.04
5500,8.51
5502,8.51
5504,8.61
5506,9.12
5508,8.71
5510,8.71
5512,8.71
5514,8.71
5516,8.71
5518,8.71
5520,8.71
5522,8.71
5524,8.71
5526,8.56
5528,8.56
5530,8.51
5532,8.51
5534,8.04
5536,7.99
5538,7.99
5540,7.53
5542,7.89
5544,7.92
5546,8.35
5548,8.30
5550,7.79
5552,7.79
5554,7.27
5556,7.63
5558,7.17
5560,7.12
5562,7.53
5564,7.43
5566,7.37
5568,7.22
5570,6.76
5572,6.65
5574,6.24
5576,7.07
5578,6.60
5580,6.96
5582,6.96
5584,6.91
5586,6.96
5588,6.96
5590,7.37
5592,6.96
5594,6.91
5596,6.91
5598,6.91
5600,6.96
5602,6.91
5604,6.96
5606,6.96
5608,7.01
5610,6.98
5612,6.55
5614,7.01
5616,6.60
5618,6.65
5620,6.65
5622,6.71
5624,7.22
5626,7.27
5628,7.72
5630,7.48
5632,7.53
5634,7.17
5636,7.17
5638,7.22
5640,7.73
5642,8.20
5644,7.84
5646,8.30
5648,7.94
5650,8.40
5652,7.58
5654,7.94
5656,7.53
5658,7.99
5660,8.04
5662,8.04
5664,8.04
5666,8.09
5668,8.51
5670,8.56
5672,8.56
5674,8.66
5676,8.66
5678,8.66
5680,8.66
5682,8.66
5684,8.61
5686,8.66
5688,8.15
5690,8.61
5692,7.68
5694,7.68
5696,7.99
5698,7.94
5700,7.89
5702,7.89
5704,7.84
5706,7.79
5708,8.20
5710,7.68
5712,7.68
5714,7.65
5716,7.68
5718,7.17
5720,7.58
5722,7.53
5724,7.48
5726,7.43
5728,7.37
5730,7.32
5732,7.32
5734,6.86
5736,6.81
5738,6.69
5740,6.65
5742,7.01
5744,7.01
5746,7.01
5748,6.96
5750,6.96
5752,6.96
5754,6.96
5756,7.07
5758,7.07
5760,7.07
5762,6.65
5764,7.05
5766,7.07
5768,7.12
5770,6.71
5772,7.17
5774,6.76
5776,6.76
5778,6.81
5780,6.86
5782,7.22
5784,7.22
5786,7.27
5788,7.32
5790,7.37
5792,7.43
5794,7.43
5796,7.48
5798,7.15
5800,7.22
5802,7.68
5804,8.20
5806,8.20
5808,8.25
5810,8.30
5812,7.89
5814,8.35
5816,8.40
5818,7.99
5820,7.99
5822,8.04
5824,7.94
5826,7.94
5828,7.99
5830,7.99
5832,7.97
5834,7.97
5836,8.44
5838,7.97
5840,7.97
5842,7.97
5844,8.09
5846,8.03
5848,8.04
5850,8.04
5852,8.04
5854,7.99
5856,7.97
5858,7.94
5860,8.33
5862,7.89
5864,8.30
5866,8.23
5868,7.68
5870,7.63
5872,7.58
5874,7.12
5876,7.53
5878,7.53
5880,7.46
5882,7.41
5884,7.41
5886,7.87
5888,7.82
5890,7.37
5892,7.32
5894,7.32
5896,6.81
5898,6.81
5900,6.76
5902,6.74
5904,6.76
5906,6.74
5908,6.74
5910,7.01
5912,7.01
5914,6.60
5916,7.01
5918,7.01
5920,7.00
5922,7.01
5924,7.01
5926,6.76
5928,6.76
5930,6.76
5932,6.76
5934,6.81
5936,6.81
5938,6.86
5940,7.27
5942,7.32
5944,7.37
5946,7.37
5948,7.84
5950,7.89
5952,7.36
5954,7.43
5956,7.48
5958,7.48
5960,7.53
5962,7.12
5964,7.58
5966,7.58
5968,7.63
5970,8.09
5972,7.79
5974,8.25
5976,8.30
5978,8.30
5980,8.76
5982,8.35
5984,8.35
5986,8.35
5988,8.40
5990,8.40
5992,8.40
5994,8.32
5996,8.30
5998,8.30
6000,8.30
6002,8.30
6004,8.30
6006,8.25
6008,7.84
6010,8.25
6012,8.25
6014,8.61
6016,8.30
6018,8.25
6020,8.25
6022,7.79
6024,7.73
6026,7.73
6028,7.68
6030,7.68
6032,7.22
6034,7.63
6036,7.17
6038,7.48
6040,7.43
6042,7.37
6044,7.37
6046,7.32
6048,7.27
6050,7.22
6052,7.22
6054,6.86
6056,6.86
6058,6.81
6060,6.81
6062,6.35
6064,6.76
6066,7.17
6068,6.74
6070,6.76
6072,7.17
6074,6.76
6076,7.17
6078,7.17
6080,7.01
6082,6.64
6084,6.65
6086,6.65
6088,6.65
6090,6.64
6092,6.65
6094,6.71
6096,6.81
6098,6.81
6100,6.86
6102,7.73
6104,7.37
6106,7.37
6108,7.37
6110,7.43
6112,7.89
6114,7.94
6116,7.53
6118,7.58
6120,7.17
6122,7.49
6124,7.07
6126,7.58
6128,7.12
6130,7.63
6132,7.58
6134,7.63
6136,8.09
6138,7.68
6140,8.15
6142,7.84
6144,8.30
6146,7.89
6148,8.30
6150,8.35
6152,8.30
6154,8.35
6156,8.35
6158,8.33
6160,8.33
6162,8.35
6164,8.30
6166,8.18
6168,8.20
6170,8.20
6172,8.13
6174,7.73
6176,8.15
6178,7.68
6180,7.68
6182,7.63
6184,7.67
6186,7.73
6188,7.22
6190,7.68
6192,7.22
6194,7.17
6196,7.17
6198,7.15
6200,7.53
6202,7.51
6204,7.48
6206,7.89
6208,7.32
6210,7.27
6212,7.27
6214,7.22
6216,7.22
6218,6.76
6220,6.76
6222,6.76
6224,6.81
6226,7.27
6228,6.81
6230,7.22
6232,7.22
6234,6.81
6236,6.35
6238,6.81
6240,6.35
6242,6.81
6244,6.35
6246,6.81
6248,6.81
6250,6.71
6252,6.28
6254,6.71
6256,6.76
6258,6.76
6260,7.22
6262,7.22
6264,7.27
6266,7.73
6268,7.39
6270,7.89
6272,7.89
6274,7.48
6276,7.53
6278,7.58
6280,7.58
6282,7.17
6284,7.63
6286,7.22
6288,7.22
6290,7.22
6292,7.27
6294,7.17
6296,7.63
6298,7.63
6300,7.63
6302,7.68
6304,7.68
6306,7.68
6308,8.15
6310,7.73
6312,8.15
6314,7.84
6316,8.25
6318,7.84
6320,8.25
6322,7.84
6324,8.25
6326,7.84
6328,8.25
6330,7.79
6332,7.79
6334,7.79
6336,7.63
6338,7.63
6340,7.63
6342,7.17
6344,7.17
6346,7.58
6348,7.12
6350,7.12
6352,7.12
6354,7.17
6356,7.17
6358,7.58
6360,7.53
6362,7.53
6364,7.53
6366,7.48
6368,7.46
6370,7.43
6372,7.43
6374,7.37
6376,7.79
6378,7.25
6380,7.22
6382,7.22
6384,6.76
6386,6.76
6388,6.76
6390,7.17
6392,6.76
6394,6.74
6396,6.81
6398,6.81
6400,6.81
6402,7.27
6404,6.81
6406,6.81
6408,7.27
6410,6.86
6412,6.86
6414,7.27
6416,7.32
6418,7.32
6420,7.37
6422,7.27
6424,7.68
6426,7.31
6428,7.32
6430,7.79
6432,7.37
6434,7.37
6436,7.43
6438,7.43
6440,7.53
6442,7.58
6444,7.58
6446,7.17
6448,7.63
6450,7.22
6452,7.63
6454,7.22
6456,7.68
6458,7.27
6460,7.68
6462,7.68
6464,7.63
6466,7.63
6468,8.04
6470,7.63
6472,7.63
6474,7.63
6476,8.09
6478,7.63
6480,7.68
6482,8.09
6484,7.73
6486,7.73
6488,8.18
6490,7.73
6492,7.73
6494,7.73
6496,7.73
6498,7.68
6500,7.27
6502,7.68
6504,7.22
6506,7.58
6508,7.53
6510,7.07
6512,7.07
6514,7.07
6516,7.48
6518,7.43
6520,7.01
6522,7.43
6524,7.37
6526,7.48
6528,7.89
6530,7.43
6532,7.84
6534,7.37
6536,7.37
6538,7.32
6540,7.32
6542,7.32
6544,7.27
6546,7.27
6548,7.27
6550,6.76
6552,7.17
6554,7.15
6556,7.17
6558,7.17
6560,7.17
6562,7.17
6564,7.17
6566,6.86
6568,7.27
6570,7.27
6572,7.27
6574,7.32
6576,7.32
6578,7.32
6580,7.37
6582,7.37
6584,7.37
6586,7.84
6588,7.43
6590,7.84
6592,7.37
6594,7.37
6596,7.37
6598,7.43
6600,7.43
6602,7.41
6604,7.48
6606,7.48
6608,7.07
6610,7.58
6612,7.63
6614,7.63
6616,7.63
6618,7.63
6620,7.68
6622,7.68
6624,7.68
6626,7.68
6628,7.68
6630,7.68
6632,8.15
6634,8.11
6636,7.63
6638,7.63
6640,7.63
6642,7.63
6644,8.04
6646,7.58
6648,7.58
6650,7.58
6652,7.58
6654,7.68
6656,7.63
6658,7.22
6660,7.22
6662,7.22
6664,7.63
6666,7.17
6668,7.17
6670,7.58
6672,7.58
6674,7.53
6676,7.53
6678,7.43
6680,7.37
6682,7.79
6684,7.37
6686,7.37
6688,7.32
6690,7.73
6692,7.25
6694,7.27
6696,7.79
6698,7.31
6700,7.32
6702,7.32
6704,7.27
6706,7.27
6708,7.27
6710,7.27
6712,7.27
6714,7.27
6716,7.27
6718,7.27
6720,7.17
6722,7.17
6724,7.17
6726,7.17
6728,7.17
6730,7.17
6732,7.15
6734,7.22
6736,7.22
6738,7.63
6740,7.73
6742,7.79
6744,7.79
6746,7.84
6748,7.43
6750,7.84
6752,7.89
6754,7.48
6756,7.48
6758,7.94
6760,7.53
6762,7.48
6764,7.01
6766,7.48
6768,7.48
6770,7.07
6772,7.07
6774,7.53
6776,7.07
6778,7.53
6780,7.22
6782,7.63
6784,7.68
6786,7.22
6788,7.68
6790,7.68
6792,7.68
6794,8.09
6796,8.09
6798,7.68
6800,8.15
6802,8.15
6804,8.09
6806,8.04
6808,7.99
6810,7.58
6812,7.58
6814,7.58
6816,7.99
6818,7.99
6820,7.53
6822,7.53
6824,7.63
6826,7.58
6828,7.17
6830,7.17
6832,7.15
6834,7.58
6836,7.53
6838,7.53
6840,7.53
6842,7.48
6844,7.48
6846,7.48
6848,7.37
6850,7.73
6852,7.32
6854,7.73
6856,7.73
6858,7.68
6860,7.68
6862,7.68
6864,7.22
6866,7.68
6868,7.79
6870,7.79
6872,7.73
6874,7.73
6876,7.32
6878,7.32
6880,7.32
6882,7.32
6884,7.32
6886,7.32
6888,7.32
6890,7.68
6892,7.68
6894,7.68
6896,7.68
6898,7.73
6900,7.32
6902,7.32
6904,7.32
6906,7.79
6908,7.37
6910,7.48
6912,7.89
6914,7.12
6916,7.53
6918,7.53
6920,7.53
6922,7.58
6924,7.17
6926,7.17
6928,7.17
6930,7.17
6932,7.63
6934,7.10
6936,7.53
6938,7.12
6940,7.58
6942,7.56
6944,7.58
6946,7.58
6948,7.56
6950,7.58
6952,7.68
6954,7.68
6956,7.68
6958,7.68
6960,7.68
6962,7.68
6964,7.68
6966,7.68
6968,7.68
6970,7.68
6972,7.63
6974,7.68
6976,7.53
6978,7.10
6980,7.53
6982,7.53
6984,7.07
6986,7.07
6988,7.07
6990,7.07
6992,7.07
6994,7.10
6996,7.12
6998,7.53
7000,7.53
7002,7.48
7004,7.48
7006,7.48
7008,7.48
7010,7.84
7012,7.84
7014,7.84
7016,7.43
7018,7.77
7020,7.68
7022,7.27
7024,7.27
7026,7.68
7028,7.68
7030,7.68
7032,7.67
7034,7.68
7036,7.68
7038,7.32
7040,7.79
7042,7.37
7044,7.79
7046,7.79
7048,7.37
7050,7.79
7052,7.79
7054,7.37
7056,7.84
7058,7.43
7060,7.84
7062,7.73
7064,7.32
7066,7.37
7068,7.37
7070,7.37
7072,7.37
7074,7.41
7076,7.43
7078,7.41
7080,7.53
7082,7.12
7084,7.17
7086,7.58
7088,7.58
7090,7.17
7092,7.17
7094,7.17
7096,7.17
7098,7.22
7100,7.22
7102,7.22
7104,7.53
7106,7.12
7108,7.12
7110,7.12
7112,7.12
7114,7.10
7116,7.12
7118,7.10
7120,7.12
7122,7.22
7124,7.20
7126,7.63
7128,7.63
7130,7.63
7132,7.17
7134,7.63
7136,7.17
7138,7.17
7140,7.17
7142,7.17
7144,7.17
7146,7.46
7148,7.01
7150,7.00
7152,7.41
7154,7.01
7156,7.37
7158,7.37
7160,7.37
7162,7.37
7164,7.41
7166,7.43
7168,7.43
7170,7.43
7172,7.84
7174,7.43
7176,7.37
7178,7.37
7180,7.37
7182,7.79
7184,7.32
7186,7.77
7188,7.32
7190,7.22
7192,7.20
7194,7.22
7196,7.22
7198,7.22
7200,7.22
7202,7.22
7204,7.22
7206,7.22
7208,7.32
7210,7.32
7212,7.36
7214,7.79
7216,7.37
7218,7.37
7220,7.79
7222,7.84
7224,7.43
7226,7.41
7228,7.84
7230,7.48
7232,7.36
7234,7.36
7236,7.37
7238,7.37
7240,7.36
7242,7.43
7244,7.01
7246,7.01
7248,7.00
7250,7.12
7252,7.12
7254,7.53
7256,7.17
7258,7.17
7260,7.17
7262,7.17
7264,7.17
7266,7.15
7268,7.17
7270,7.63
7272,7.17
7274,7.10
7276,7.53
7278,7.07
7280,7.07
7282,7.07
7284,7.07
7286,7.07
7288,7.07
7290,7.07
7292,7.17
7294,6.76
7296,7.58
7298,7.58
7300,7.12
7302,7.12
7304,7.12
7306,7.53
7308,7.12
7310,7.51
7312,7.48
7314,7.48
7316,7.48
7318,7.37
7320,7.37
7322,7.73
7324,7.73
7326,7.73
7328,7.25
7330,7.68
7332,7.68
7334,7.22
7336,7.32
7338,7.32
7340,7.32
7342,7.73
7344,7.32
7346,7.27
7348,7.25
7350,7.27
7352,7.27
7354,7.27
7356,7.27
7358,7.27
7360,7.17
7362,7.15
7364,7.17
7366,7.17
7368,7.15
7370,7.17
7372,7.17
7374,7.22
7376,7.22
7378,7.32
7380,7.32
7382,7.79
7384,7.37
7386,7.37
7388,7.37
7390,7.84
7392,7.84
7394,7.84
7396,7.43
7398,7.84
7400,7.48
7402,7.43
7404,7.37
7406,7.37
7408,7.43
7410,7.43
7412,7.41
7414,7.43
7416,7.43
7418,7.43
7420,7.43
7422,7.58
7424,7.53
7426,7.17
7428,7.17
7430,7.58
7432,7.17
7434,7.17
7436,7.17
7438,7.17
7440,7.17
7442,7.58
7444,7.58
7446,7.48
7448,7.43
7450,7.48
7452,7.01
7454,7.43
7456,7.43
7458,7.43
7460,7.43
7462,7.43
7464,7.89
7466,7.48
7468,7.48
7470,7.89
7472,7.84
7474,7.84
7476,7.84
7478,7.84
7480,7.79
7482,7.37
7484,7.79
7486,7.32
7488,7.22
7490,7.22
7492,7.22
7494,7.17
7496,7.15
7498,7.17
7500,7.17
7502,7.17
7504,7.17
7506,7.27
7508,6.81
7510,6.81
7512,7.27
7514,6.81
7516,6.81
7518,7.27
7520,7.27
7522,7.27
7524,6.86
7526,6.86
7528,7.27
7530,7.24
7532,7.17
7534,7.22
7536,7.22
7538,7.22
7540,7.22
7542,7.27
7544,7.68
7546,7.68
7548,7.68
7550,7.79
7552,7.84
7554,7.84
7556,7.84
7558,7.84
7560,7.48
7562,7.48
7564,7.48
7566,7.48
7568,7.89
7570,7.53
7572,7.53
7574,7.43
7576,7.43
7578,7.43
7580,7.43
7582,7.43
7584,7.43
7586,7.43
7588,7.43
7590,7.43
7592,7.53
7594,7.53
7596,7.53
7598,7.53
7600,7.53
7602,7.53
7604,7.53
7606,7.53
7608,7.48
7610,7.48
7612,7.48
7614,7.48
7616,7.37
7618,7.37
7620,7.32
7622,7.32
7624,7.31
7626,7.72
7628,7.73
7630,7.27
7632,7.25
7634,7.68
7636,7.37
7638,7.32
7640,7.73
7642,7.32
7644,7.32
7646,7.27
7648,7.27
7650,7.27
7652,6.86
7654,6.86
7656,6.86
7658,6.84
7660,7.17
7662,7.17
7664,6.71
7666,6.71
7668,7.17
7670,7.17
7672,7.17
7674,7.17
7676,7.27
7678,6.81
7680,6.81
7682,7.73
7684,7.27
7686,7.27
7688,7.32
7690,7.32
7692,7.32
7694,7.32
7696,7.32
7698,7.32
7700,7.37
7702,7.27
7704,7.27
7706,7.27
7708,7.73
7710,7.32
7712,7.32
7714,7.73
7716,7.73
7718,7.79
7720,7.87
7722,7.48
7724,7.48
7726,7.48
7728,7.48
7730,7.94
7732,7.92
7734,7.53
7736,7.53
7738,7.53
7740,7.53
7742,7.53
7744,7.43
7746,7.43
7748,7.43
7750,7.43
7752,7.43
7754,7.43
7756,7.43
7758,7.84
7760,7.79
7762,7.48
7764,7.48
7766,7.48
7768,7.48
7770,7.48
7772,7.84
7774,7.84
7776,7.43
7778,7.43
7780,7.43
7782,7.84
7784,7.84
7786,7.29
7788,7.27
7790,7.27
7792,7.27
7794,7.22
7796,7.20
7798,7.22
7800,7.22
7802,7.61
7804,7.32
7806,7.27
7808,7.27
7810,7.68
7812,7.27
7814,7.27
7816,7.27
7818,7.27
7820,7.27
7822,7.27
7824,7.27
7826,7.27
7828,7.27
7830,7.17
7832,7.17
7834,7.15
7836,7.17
7838,7.15
7840,7.17
7842,7.17
7844,7.22
7846,7.22
7848,7.32
7850,7.31
7852,7.79
7854,7.32
7856,7.37
7858,7.37
7860,7.79
7862,7.37
7864,7.79
7866,7.84
7868,7.84
7870,7.41
7872,7.73
7874,7.32
7876,7.73
7878,7.32
7880,7.37
7882,7.36
7884,7.37
7886,7.37
7888,7.37
7890,7.48
7892,7.48
7894,7.48
7896,7.48
7898,7.48
7900,7.48
7902,7.89
7904,7.48
7906,7.48
7908,7.48
7910,7.48
7912,7.48
7914,7.39
7916,7.37
7918,7.37
7920,7.37
7922,7.37
7924,7.73
7926,7.32
7928,7.73
7930,7.73
7932,7.41
7934,7.43
7936,7.79
7938,7.79
7940,7.37
7942,7.79
7944,7.37
7946,7.79
7948,7.32
7950,7.73
7952,7.32
7954,7.32
7956,7.31
7958,7.63
7960,7.17
7962,7.17
7964,7.17
7966,7.17
7968,7.17
7970,7.17
7972,7.17
7974,7.17
7976,7.27
7978,6.81
7980,7.27
7982,6.81
7984,7.27
7986,6.81
7988,7.27
7990,6.81
7992,7.27
7994,7.27
7996,7.27
7998,7.27
8000,7.17
8002,7.17
8004,7.17
8006,7.17
8008,7.17
8010,7.17
8012,7.63
8014,7.17
8016,7.22
8018,7.32
8020,7.32
8022,7.32
8024,7.73
8026,7.32
8028,7.79
8030,7.79
8032,7.79
8034,7.79
8036,7.36
8038,7.79
8040,7.37
8042,7.68
8044,7.27
8046,7.68
8048,7.67
8050,7.25
8052,7.73
8054,7.68
8056,7.73
8058,7.68
8060,7.73
8062,7.79
8064,7.36
8066,7.79
8068,7.79
8070,7.79
8072,7.79
8074,7.37
8076,7.79
8078,7.79
8080,7.37
8082,7.79
8084,7.79
8086,7.22
8088,7.68
8090,7.68
8092,7.22
8094,7.22
8096,7.22
8098,7.22
8100,7.22
8102,7.22
8104,7.32
8106,7.32
8108,7.73
8110,7.27
8112,7.27
8114,7.27
8116,7.27
8118,7.27
8120,7.27
8122,7.27
8124,7.27
8126,7.27
8128,7.17
8130,7.17
8132,7.17
8134,7.17
8136,7.17
8138,7.17
8140,7.17
8142,7.12
8144,7.17
8146,7.27
8148,7.22
8150,7.22
8152,7.22
8154,7.27
8156,7.27
8158,7.27
8160,7.27
8162,7.27
8164,7.27
8166,7.27
8168,7.73
8170,7.68
8172,7.63
8174,7.22
8176,7.22
8178,7.22
8180,7.22
8182,7.22
8184,7.63
8186,7.63
8188,7.63
8190,7.79
8192,7.32
8194,7.73
8196,7.79
8198,7.79
8200,7.79
8202,7.79
8204,7.37
8206,7.79
8208,7.79
8210,7.79
8212,7.79
8214,7.27
8216,7.27
8218,7.68
8220,7.68
8222,7.68
8224,7.68
8226,7.27
8228,7.68
8230,7.68
8232,7.80
8234,7.79
8236,7.79
8238,7.79
8240,7.79
8242,7.79
8244,7.79
8246,7.79
8248,7.73
8250,7.73
8252,7.32
8254,7.73
8256,7.63
8258,7.22
8260,7.22
8262,7.61
8264,7.17
8266,7.63
8268,7.63
8270,7.61
8272,7.17
8274,7.27
8276,7.27
8278,7.27
8280,7.27
8282,7.27
8284,7.27
8286,7.27
8288,7.27
8290,7.27
8292,7.27
8294,7.27
8296,7.27
8298,7.22
8300,7.17
8302,7.17
8304,7.17
8306,7.17
8308,7.17
8310,7.17
8312,7.17
8314,7.17
8316,7.27
8318,7.27
8320,6.86
8322,7.68
8324,7.27
8326,7.73
8328,7.32
8330,7.32
8332,7.32
8334,7.73
8336,7.32
8338,7.32
8340,7.73
8342,7.63
8344,7.63
8346,7.68
8348,7.68
8350,7.68
8352,7.27
8354,7.27
8356,7.25
8358,7.68
8360,7.79
8362,7.79
8364,7.79
8366,7.37
8368,7.79
8370,7.79
8372,7.37
8374,7.37
8376,7.37
8378,7.37
8380,7.79
8382,7.79
8384,7.68
8386,7.68
8388,7.68
8390,7.22
8392,7.63
8394,7.63
8396,7.63
8398,7.63
8400,7.63
8402,7.32
8404,7.73
8406,7.32
8408,7.73
8410,7.32
8412,7.32
8414,7.73
8416,7.68
8418,7.27
8420,7.27
8422,7.27
8424,7.27
8426,7.19
8428,7.17
8430,7.17
8432,7.17
8434,7.17
8436,7.17
8438,7.17
8440,7.17
8442,7.17
8444,7.27
8446,7.27
8448,7.27
8450,7.68
8452,7.27
8454,7.27
8456,7.27
8458,7.27
8460,7.27
8462,7.27
8464,7.27
8466,7.27
8468,7.27
8470,7.17
8472,7.63
8474,7.63
8476,7.22
8478,7.22
8480,7.22
8482,7.22
8484,7.22
8486,7.63
8488,7.32
8490,7.79
8492,7.37
8494,7.37
8496,7.37
8498,7.37
8500,7.37
8502,7.37
8504,7.37
8506,7.79
8508,7.79
8510,7.37
8512,7.68
8514,7.68
8516,7.27
8518,7.68
8520,7.32
8522,7.68
8524,7.73
8526,7.32
8528,7.32
8530,7.36
8532,7.84
8534,7.79
8536,7.84
8538,7.79
8540,7.37
8542,7.37
8544,7.37
8546,7.37
8548,7.37
8550,7.37
8552,7.37
8554,7.29
8556,7.27
8558,7.27
8560,7.27
8562,7.27
8564,7.68
8566,7.68
8568,7.68
8570,7.68
8572,7.32
8574,7.73
8576,7.73
8578,7.73
8580,7.32
8582,7.32
8584,7.32
8586,7.32
8588,7.32
8590,7.32
8592,7.32
8594,7.32
8596,7.32
8598,7.22
8600,7.22
8602,7.22
8604,7.22
8606,7.22
8608,7.22
8610,7.22
8612,7.22
8614,7.20
8616,7.31
8618,7.79
8620,7.32
8622,7.79
8624,7.79
8626,7.79
8628,7.79
8630,7.79
8632,7.37
8634,7.79
8636,7.37
8638,7.37
8640,7.27
8642,7.27
8644,7.27
8646,7.27
8648,7.68
8650,7.27
8652,7.27
8654,7.27
8656,7.27
8658,7.37
8660,7.37
8662,7.37
8664,7.79
8666,7.37
8668,7.37
8670,7.37
8672,7.37
8674,7.37
8676,7.37
8678,7.37
8680,7.37
8682,7.31
8684,7.27
8686,7.68
8688,7.68
8690,7.68
8692,7.68
8694,7.22
8696,7.22
8698,7.22
8700,7.68
8702,7.32
8704,7.32
8706,7.73
8708,7.32
8710,7.34
8712,7.32
8714,7.32
8716,7.32
8718,7.32
8720,7.32
8722,7.32
8724,7.32
8726,7.22
8728,7.22
8730,7.22
8732,7.22
8734,7.22
8736,7.22
8738,7.22
8740,7.20
8742,7.22
8744,7.32
8746,7.32
8748,7.73
8750,7.32
8752,7.79
8754,7.73
8756,7.79
8758,7.79
8760,7.79
8762,7.37
8764,7.79
8766,7.37
8768,7.27
8770,7.27
8772,7.27
8774,7.27
8776,7.27
8778,7.27
8780,7.68
8782,7.68
8784,7.68
8786,7.73
8788,7.79
8790,7.84
8792,7.84
8794,7.41
8796,7.43
8798,7.43
8800,7.43
8802,7.84
8804,7.43
8806,7.84
8808,7.43
8810,7.77
8812,7.32
8814,7.32
8816,7.32
8818,7.73
8820,7.72
8822,7.32
8824,7.32
8826,7.73
8828,7.73
8830,7.84
8832,7.84
8834,7.84
8836,7.84
8838,7.43
8840,7.84
8842,7.84
8844,7.84
8846,7.84
8848,7.84
8850,7.84
8852,7.82
8854,7.72
8856,7.73
8858,7.67
8860,7.68
8862,7.27
8864,7.27
8866,7.68
8868,7.68
8870,7.68
8872,7.79
8874,7.79
8876,7.37
8878,7.37
8880,7.79
8882,7.79
8884,7.79
8886,7.79
8888,7.79
8890,7.79
8892,7.79
8894,7.77
8896,7.27
8898,7.68
8900,7.27
8902,7.68
8904,7.68
8906,7.68
8908,7.68
8910,7.68
8912,7.68
8914,7.70
8916,7.79
8918,7.79
8920,7.37
8922,7.79
8924,7.79
8926,7.79
8928,7.79
8930,7.79
8932,7.79
8934,7.79
8936,7.79
8938,7.72
8940,7.68
8942,7.68
8944,7.68
8946,7.68
8948,7.68
8950,7.68
8952,7.68
8954,7.68
8956,7.68
8958,7.79
8960,7.79
8962,7.73
8964,7.79
8966,7.72
8968,7.73
8970,7.72
8972,7.32
8974,7.73
8976,7.73
8978,7.73
8980,7.73
8982,7.63
8984,7.63
8986,7.17
8988,7.17
8990,7.17
8992,7.17
8994,7.17
8996,7.12
8998,7.12
9000,7.22
9002,7.22
9004,7.22
9006,7.17
9008,7.22
9010,7.17
9012,6.76
9014,6.76
9016,6.74
9018,7.15
9020,6.71
9022,6.71
9024,7.01
9026,7.01
9028,7.01
9030,7.01
9032,7.01
9034,7.01
9036,6.96
9038,7.37
9040,6.96
9042,7.07
9044,7.07
9046,7.07
9048,7.07
9050,7.48
9052,7.43
9054,7.43
9056,7.41
9058,7.43
9060,7.43
9062,7.43
9064,7.43
9066,7.34
9068,7.32
9070,6.89
9072,7.32
9074,6.91
9076,6.91
9078,7.32
9080,6.91
9082,7.32
9084,7.01
9086,7.48
9088,7.01
9090,7.01
9092,7.84
9094,7.12
9096,6.65
9098,7.07
9100,8.40
9102,8.56
9104,8.45
9106,8.82
9108,9.64
9110,9.79
9112,10.67
9114,11.08
9116,12.42
9118,14.22
9120,12.78
9122,13.14
9124,15.61
9126,13.94
9128,37.49
9131,78.84
9137,36.24
9140,99.61
9147,37.54
9150,36.62
9153,36.19
9157,37.37
9160,37.08
9163,37.49
9166,89.09
9173,12.42
9175,11.44
9176,11.39
9178,10.26
9180,10.36
9182,9.67
9183,9.38
9185,8.92
9186,9.59
9188,8.30
9190,8.09
9191,8.08
9193,7.89
9194,6.60
9196,6.40
9197,6.45
9199,5.97
9200,5.68
9201,5.30
9203,5.35
9204,5.42
9205,5.06
9207,5.61
9208,5.42
9210,5.52
9211,4.60
9212,5.32
9214,4.75
9215,4.24
9216,4.12
9218,4.90
9219,5.11
9220,4.24
9222,5.01
9223,90.09
9229,89.25
9236,65.98
9241,4.90
9242,3.77
9243,4.80
9245,4.03
9246,3.88
9247,4.06
9249,4.15
9250,4.80
9251,4.60
9253,4.68
9254,4.85
9255,4.75
9257,5.01
9258,5.09
9259,5.51
9261,5.87
9262,0.79
9263,1.59
9264,0.26
9265,0.10
9266,0.15
9267,0.33
9269,0.31
9270,0.05
9272,7.63
9274,7.99
9276,8.71
9278,9.02
9280,9.18
9282,9.90
9284,9.69
9286,10.36
9288,10.10
9290,11.52
9292,11.30
9294,10.51
9296,11.03
9298,12.83
9300,13.41
9302,12.62
9304,12.26
9306,13.19
9308,15.88
9310,36.58
9313,14.68
9315,15.98
9317,34.83
9320,13.65
9322,14.01
9324,11.90
9326,12.26
9327,12.98
9329,12.42
9331,11.90
9333,11.49
9335,10.87
9337,11.70
9338,10.67
9340,11.08
9342,10.41
9344,10.20
9346,9.69
9348,9.90
9350,9.69
9352,8.97
9354,8.76
9356,8.04
9358,8.20
9360,7.89
9362,7.17
9364,6.86
9366,6.45
9368,6.12
9370,5.78
9372,5.99
9374,5.32
9376,5.92
9378,5.42
9380,5.63
9382,4.99
9384,5.21
9386,5.06
9388,4.90
9390,5.63
9392,5.11
9394,5.06
9396,5.06
9398,5.06
9400,5.11
9402,5.21
9404,5.32
9406,5.01
9408,5.01
9410,5.57
9412,4.90
9414,5.47
9416,5.68
9418,5.93
9420,5.73
9422,6.02
9424,6.40
9426,6.29
9428,6.96
9430,6.81
9432,6.71
9434,7.84
9436,7.63
9438,7.94
9440,8.56
9442,8.82
9444,9.02
9446,9.28
9448,9.43
9450,10.44
9452,9.69
9454,10.67
9456,10.41
9458,10.10
9460,10.62
9462,11.61
9464,11.28
9466,11.39
9468,11.03
9470,11.08
9472,12.43
9474,12.06
9476,12.06
9478,12.06
9480,12.16
9482,12.16
9484,11.70
9486,12.52
9488,11.66
9490,11.59
9492,11.54
9494,10.98
9496,11.34
9498,11.23
9500,11.13
9502,10.15
9504,10.46
9506,10.77
9508,10.62
9510,9.64
9512,10.32
9514,9.28
9516,9.62
9518,9.43
9520,8.45
9522,9.07
9524,8.04
9526,8.25
9528,7.58
9530,7.37
9532,7.17
9534,6.96
9536,6.65
9538,6.86
9540,6.24
9542,6.50
9544,6.29
9546,6.14
9548,6.45
9550,5.99
9552,5.88
9554,6.19
9556,6.14
9558,6.50
9560,6.09
9562,6.04
9564,6.09
9566,6.09
9568,6.14
9570,6.19
9572,6.24
9574,5.88
9576,6.45
9578,6.48
9580,6.19
9582,6.35
9584,6.50
9586,6.24
9588,6.45
9590,6.60
9592,6.81
9594,7.01
9596,7.27
9598,7.48
9600,7.68
9602,8.30
9604,8.04
9606,8.66
9608,8.40
9610,8.97
9612,9.59
9614,9.28
9616,9.43
9618,9.95
9620,9.69
9622,9.69
9624,10.20
9626,10.31
9628,10.36
9630,10.87
9632,10.51
9634,10.99
9636,11.03
9638,10.62
9640,10.62
9642,10.67
9644,10.67
9646,10.67
9648,10.77
9650,11.18
9652,11.13
9654,11.13
9656,10.67
9658,10.62
9660,10.56
9662,10.92
9664,10.31
9666,10.20
9668,10.10
9670,9.59
9672,9.90
9674,9.79
9676,9.23
9678,9.12
9680,9.38
9682,8.87
9684,8.71
9686,8.66
9688,8.51
9690,7.94
9692,8.20
9694,7.63
9696,7.48
9698,7.67
9700,7.17
9702,7.01
9704,7.27
9706,6.65
9708,6.50
9710,6.76
9712,6.24
9714,6.17
9716,6.50
9718,6.45
9720,6.38
9722,6.45
9724,6.86
9726,6.40
9728,6.40
9730,6.40
9732,6.45
9734,6.45
9736,6.50
9738,6.60
9740,6.24
9742,6.76
9744,6.40
9746,6.96
9748,6.65
9750,6.65
9752,7.22
9754,6.91
9756,7.01
9758,7.17
9760,7.32
9762,7.41
9764,7.58
9766,7.73
9768,7.96
9770,8.09
9772,9.07
9774,8.76
9776,8.85
9778,8.97
9780,9.54
9782,9.64
9784,9.28
9786,9.33
9788,9.43
9790,9.95
9792,9.90
9794,9.95
9796,9.59
9798,10.05
9800,9.64
9802,10.10
9804,9.71
9806,9.69
9808,9.69
9810,9.69
9812,9.69
9814,9.69
9816,9.74
9818,9.74
9820,10.10
9822,10.05
9824,10.00
9826,9.95
9828,9.43
9830,9.38
9832,9.33
9834,9.19
9836,9.48
9838,9.38
9840,8.87
9842,8.35
9844,9.07
9846,8.56
9848,7.99
9850,8.35
9852,8.20
9854,8.18
9856,7.22
9858,7.51
9860,7.43
9862,7.27
9864,7.15
9866,7.48
9868,7.01
9870,7.32
9872,6.81
9874,6.71
9876,6.65
9878,6.91
9880,6.86
9882,6.81
9884,6.76
9886,6.29
9888,6.29
9890,6.29
9892,6.29
9894,6.40
9896,6.45
9898,6.91
9900,6.96
9902,7.01
9904,6.64
9906,6.71
9908,6.76
9910,6.86
9912,6.96
9914,7.07
9916,7.12
9918,6.81
9920,7.27
9922,7.79
9924,7.01
9926,7.58
9928,8.09
9930,8.20
9932,7.89
9934,7.99
9936,8.49
9938,8.61
9940,8.71
9942,8.45
9944,8.90
9946,9.02
9948,9.48
9950,9.54
9952,9.18
9954,9.64
9956,9.28
9958,9.33
9960,9.33
9962,9.31
9964,9.28
9966,9.74
9968,9.33
9970,9.33
9972,9.33
9974,9.33
9976,9.74
9978,9.28
9980,9.69
9982,9.23
9984,9.18
9986,9.28
9988,9.64
9990,9.59
9992,9.48
9994,9.43
9996,9.38
9998,8.92
10000,9.28
10002,9.18
10004,9.07
10006,8.51
10008,7.99
10010,7.89
10012,8.25
10014,8.15
10016,7.63
10018,7.53
10020,7.01
10022,7.32
10024,7.79
10026,7.27
10028,7.17
10030,7.12
10032,7.07
10034,6.96
10036,6.91
10038,6.86
10040,6.81
10042,6.33
10044,6.71
10046,6.71
10048,6.60
10050,6.55
10052,6.55
10054,6.55
10056,6.60
10058,6.17
10060,6.60
10062,6.65
10064,6.81
10066,6.86
10068,7.32
10070,7.37
10072,7.07
10074,6.69
10076,7.17
10078,6.81
10080,7.32
10082,7.43
10084,7.48
10086,7.58
10088,7.22
10090,7.67
10092,7.72
10094,7.79
10096,7.89
10098,7.94
10100,7.99
10102,8.51
10104,8.97
10106,9.02
10108,9.12
10110,8.75
10112,8.87
10114,8.45
10116,8.97
10118,9.38
10120,9.43
10122,9.48
10124,9.48
10126,9.07
10128,9.07
10130,9.54
10132,9.07
10134,9.38
10136,8.97
10138,8.97
10140,9.38
10142,9.33
10144,9.26
10146,8.87
10148,8.82
10150,8.76
10152,8.71
10154,8.75
10156,8.76
10158,9.12
10160,9.07
10162,8.56
10164,8.09
10166,7.99
10168,8.35
10170,7.89
10172,8.25
10174,7.73
10176,7.51
10178,7.48
10180,7.01
10182,7.32
10184,7.27
10186,7.63
10188,7.12
10190,7.07
10192,6.71
10194,7.07
10196,7.01
10198,7.37
10200,7.32
10202,6.86
10204,6.81
10206,6.79
10208,6.33
10210,6.35
10212,6.33
10214,6.35
10216,6.76
10218,6.72
10220,6.24
10222,6.71
10224,6.74
10226,6.76
10228,7.22
10230,6.86
10232,6.91
10234,6.55
10236,6.65
10238,6.71
10240,7.17
10242,7.27
10244,7.73
10246,7.41
10248,7.89
10250,7.12
10252,7.58
10254,7.63
10256,7.68
10258,7.79
10260,8.25
10262,8.20
10264,7.84
10266,8.30
10268,8.35
10270,8.40
10272,8.40
10274,8.87
10276,8.90
10278,8.97
10280,8.97
10282,9.02
10284,8.71
10286,8.71
10288,9.18
10290,9.18
10292,9.12
10294,8.76
10296,9.12
10298,8.71
10300,8.71
10302,9.12
10304,9.02
10306,8.56
10308,8.97
10310,8.92
10312,8.87
10314,8.87
10316,8.83
10318,8.35
10320,8.30
10322,7.84
10324,8.30
10326,8.25
10328,8.25
10330,8.61
10332,8.09
10334,7.63
10336,7.58
10338,7.53
10340,7.48
10342,7.43
10344,7.37
10346,7.25
10348,7.12
10350,7.07
10352,6.60
10354,7.01
10356,6.96
10358,6.91
10360,6.91
10362,6.91
10364,6.96
10366,6.91
10368,6.86
10370,6.86
10372,6.86
10374,6.86
10376,6.86
10378,6.91
10380,6.91
10382,6.91
10384,6.91
10386,6.96
10388,6.96
10390,6.89
10392,6.55
10394,6.96
10396,6.60
10398,6.60
10400,6.65
10402,7.12
10404,7.22
10406,7.27
10408,7.37
10410,7.48
10412,7.12
10414,7.53
10416,7.58
10418,7.63
10420,8.09
10422,8.20
10424,8.20
10426,8.30
10428,8.30
10430,8.35
10432,8.30
10434,7.89
10436,8.35
10438,8.33
10440,8.40
10442,8.40
10444,8.87
10446,8.87
10448,8.87
10450,8.87
10452,8.87
10454,8.15
10456,8.97
10458,8.97
10460,8.56
10462,8.97
10464,8.51
10466,8.49
10468,8.49
10470,8.45
10472,8.45
10474,7.89
10476,8.30
10478,8.25
10480,8.20
10482,8.20
10484,8.09
10486,8.09
10488,8.04
10490,7.97
10492,7.53
10494,7.58
10496,7.53
10498,7.48
10500,7.84
10502,7.37
10504,7.73
10506,7.27
10508,7.22
10510,6.76
10512,6.71
10514,6.69
10516,6.65
10518,6.91
10520,6.91
10522,6.86
10524,6.86
10526,6.86
10528,7.20
10530,6.81
10532,6.81
10534,6.91
10536,7.32
10538,6.91
10540,6.91
10542,6.96
10544,6.96
10546,7.01
10548,7.01
10550,7.01
10552,7.07
10554,6.71
10556,6.71
10558,7.17
10560,7.12
10562,7.17
10564,7.22
10566,7.27
10568,7.73
10570,7.37
10572,7.37
10574,7.43
10576,7.48
10578,7.58
10580,7.63
10582,7.68
10584,8.15
10586,8.20
10588,8.25
10590,8.25
10592,8.30
10594,8.35
10596,8.35
10598,8.35
10600,8.35
10602,8.32
10604,8.30
10606,7.89
10608,8.30
10610,7.89
10612,7.89
10614,8.30
10616,7.89
10618,8.30
10620,7.89
10622,8.30
10624,8.35
10626,8.35
10628,8.35
10630,8.30
10632,8.30
10634,8.25
10636,8.20
10638,8.20
10640,8.15
10642,8.09
10644,7.63
10646,7.48
10648,7.48
10650,7.43
10652,7.37
10654,7.37
10656,7.32
10658,7.27
10660,7.22
10662,7.17
10664,7.22
10666,7.22
10668,6.76
10670,7.12
10672,6.71
10674,7.07
10676,6.65
10678,7.01
10680,7.01
10682,7.01
10684,7.01
10686,6.96
10688,6.86
10690,6.86
10692,6.86
10694,6.86
10696,6.81
10698,6.86
10700,6.86
10702,6.86
10704,6.91
10706,7.01
10708,7.01
10710,7.07
10712,7.12
10714,7.12
10716,6.71
10718,7.17
10720,6.76
10722,6.81
10724,7.27
10726,7.32
10728,7.79
10730,7.73
10732,7.32
10734,7.37
10736,7.43
10738,7.43
10740,7.48
10742,7.07
10744,7.53
10746,7.53
10748,7.58
10750,8.15
10752,8.15
10754,8.20
10756,8.66
10758,8.25
10760,8.25
10762,8.30
10764,8.30
10766,8.30
10768,8.30
10770,8.30
10772,8.30
10774,8.20
10776,8.20
10778,8.18
10780,8.20
10782,8.20
10784,8.61
10786,8.15
10788,8.56
10790,8.09
10792,8.04
10794,8.15
10796,7.68
10798,7.63
10800,7.63
10802,7.17
10804,7.17
10806,7.53
10808,7.53
10810,7.48
10812,7.89
10814,7.43
10816,7.27
10818,7.22
10820,7.17
10822,7.17
10824,6.71
10826,6.65
10828,6.65
10830,6.60
10832,6.71
10834,7.12
10836,7.07
10838,7.48
10840,7.07
10842,7.01
10844,7.01
10846,7.01
10848,6.96
10850,6.96
10852,6.96
10854,6.96
10856,6.96
10858,6.86
10860,7.32
10862,6.91
10864,6.91
10866,7.32
10868,6.96
10870,6.96
10872,7.01
10874,7.01
10876,6.71
10878,7.17
10880,7.17
10882,6.81
10884,7.22
10886,7.27
10888,7.32
10890,7.32
10892,7.79
10894,7.84
10896,7.89
10898,7.48
10900,7.94
10902,7.43
10904,7.01
10906,7.48
10908,7.07
10910,7.07
10912,7.53
10914,7.53
10916,7.53
10918,7.58
10920,7.68
10922,7.68
10924,7.68
10926,7.68
10928,8.15
10930,8.15
10932,8.15
10934,8.15
10936,8.15
10938,7.68
10940,7.68
10942,7.68
10944,7.99
10946,7.53
10948,7.53
10950,7.10
10952,7.07
10954,7.07
10956,7.07
10958,7.43
10960,7.43
10962,7.53
10964,7.48
10966,7.89
10968,7.84
10970,7.79
10972,7.79
10974,7.32
10976,7.27
10978,7.27
10980,7.22
10982,7.22
10984,6.76
10986,6.65
10988,7.07
10990,6.60
10992,7.01
10994,7.01
10996,6.96
10998,6.96
11000,6.96
11002,6.91
11004,7.01
11006,7.01
11008,7.01
11010,7.01
11012,7.41
11014,7.01
11016,7.43
11018,7.43
11020,7.01
11022,7.01
11024,7.01
11026,7.48
11028,7.07
11030,6.96
11032,6.95
11034,7.01
11036,7.01
11038,7.01
11040,6.60
11042,7.07
11044,6.65
11046,7.12
11048,6.81
11050,7.68
11052,7.68
11054,7.73
11056,7.79
11058,7.79
11060,7.84
11062,7.84
11064,7.84
11066,7.89
11068,7.89
11070,7.89
11072,7.84
11074,7.43
11076,7.43
11078,7.84
11080,7.01
11082,7.89
11084,7.43
11086,7.43
11088,7.43
11090,7.89
11092,7.53
11094,7.99
11096,7.58
11098,7.51
11100,7.99
11102,7.53
11104,7.53
11106,7.94
11108,7.51
11110,7.51
11112,7.94
11114,7.82
11116,7.37
11118,7.79
11120,7.73
11122,7.73
11124,7.68
11126,7.68
11128,7.68
11130,7.63
11132,7.27
11134,7.68
11136,7.27
11138,7.22
11140,7.17
11142,7.17
11144,7.17
11146,7.17
11148,7.17
11150,6.71
11152,7.12
11154,7.12
11156,7.07
11158,6.96
11160,6.96
11162,6.96
11164,6.96
11166,6.96
11168,6.96
11170,6.96
11172,6.96
11174,7.07
11176,7.07
11178,7.07
11180,7.07
11182,7.07
11184,7.12
11186,7.12
11188,6.71
11190,7.17
11192,7.12
11194,7.17
11196,7.17
11198,7.22
11200,7.12
11202,7.58
11204,7.17
11206,7.63
11208,7.63
11210,7.68
11212,7.68
11214,7.73
11216,7.73
11218,7.73
11220,7.89
11222,7.89
11224,7.48
11226,7.48
11228,7.53
11230,7.53
11232,7.53
11234,7.53
11236,7.53
11238,7.99
11240,7.58
11242,7.51
11244,7.48
11246,7.48
11248,7.48
11250,7.94
11252,7.48
11254,7.89
11256,7.48
11258,7.48
11260,7.48
11262,7.58
11264,7.58
11266,7.53
11268,7.53
11270,7.53
11272,7.53
11274,7.53
11276,7.48
11278,7.48
11280,7.48
11282,7.48
11284,7.43
11286,7.32
11288,7.73
11290,7.68
11292,7.68
11294,7.68
11296,7.22
11298,7.63
11300,7.63
11302,7.58
11304,7.68
11306,7.27
11308,7.22
11310,7.22
11312,7.22
11314,7.17
11316,7.17
11318,7.17
11320,7.17
11322,7.17
11324,7.17
11326,7.17
11328,7.05
11330,6.65
11332,7.07
11334,6.65
11336,7.07
11338,7.05
11340,7.12
11342,7.12
11344,7.10
11346,7.22
11348,7.27
11350,7.27
11352,7.68
11354,7.68
11356,7.73
11358,7.73
11360,7.79
11362,7.79
11364,7.84
11366,7.84
11368,7.84
11370,7.79
11372,7.36
11374,7.36
11376,7.36
11378,7.41
11380,7.43
11382,7.43
11384,7.01
11386,7.48
11388,7.46
11390,7.58
11392,7.58
11394,7.17
11396,8.04
11398,7.63
11400,7.63
11402,7.63
11404,7.63
11406,7.63
11408,7.63
11410,7.61
11412,7.63
11414,7.51
11416,7.51
11418,7.53
11420,7.53
11422,7.53
11424,7.53
11426,7.94
11428,7.07
11430,7.12
11432,7.17
11434,7.58
11436,7.58
11438,7.12
11440,7.58
11442,7.53
11444,7.53
11446,7.12
11448,7.53
11450,7.48
11452,7.48
11454,7.48
11456,7.37
11458,7.73
11460,7.73
11462,7.73
11464,7.73
11466,7.68
11468,7.68
11470,7.68
11472,7.67
11474,7.68
11476,7.73
11478,7.73
11480,7.32
11482,7.73
11484,7.73
11486,7.73
11488,7.73
11490,7.73
11492,7.73
11494,7.73
11496,7.73
11498,7.73
11500,7.68
11502,7.68
11504,7.68
11506,7.68
11508,7.68
11510,7.73
11512,7.73
11514,7.73
11516,7.79
11518,7.48
11520,7.48
11522,7.53
11524,7.53
11526,7.53
11528,7.12
11530,7.12
11532,7.12
11534,7.53
11536,7.12
11538,7.12
11540,7.17
11542,7.07
11544,7.07
11546,7.48
11548,7.07
11550,7.07
11552,7.53
11554,7.53
11556,7.12
11558,7.53
11560,7.63
11562,7.22
11564,7.22
11566,7.63
11568,7.63
11570,7.22
11572,7.22
11574,7.63
11576,7.63
11578,7.63
11580,7.17
11582,7.17
11584,7.07
11586,7.07
11588,7.07
11590,7.07
11592,7.48
11594,7.01
11596,7.01
11598,7.01
11600,7.01
11602,7.53
11604,7.12
11606,7.53
11608,7.53
11610,7.48
11612,7.48
11614,7.48
11616,7.48
11618,7.48
11620,7.84
11622,7.84
11624,7.84
11626,7.77
11628,7.73
11630,7.68
11632,7.68
11634,7.68
11636,7.68
11638,7.68
11640,7.68
11642,7.68
11644,7.68
11646,7.32
11648,7.37
11650,7.32
11652,7.79
11654,7.79
11656,7.79
11658,7.79
11660,7.79
11662,7.79
11664,7.79
11666,7.37
11668,7.84
11670,7.73
11672,7.32
11674,7.73
11676,7.73
11678,7.73
11680,7.36
11682,7.37
11684,7.37
11686,7.37
11688,7.48
11690,7.53
11692,7.12
11694,7.12
11696,7.12
11698,7.12
11700,7.12
11702,7.12
11704,7.17
11706,7.10
11708,7.17
11710,6.76
11712,6.65
11714,7.07
11716,7.07
11718,7.12
11720,7.07
11722,7.07
11724,7.07
11726,7.07
11728,7.12
11730,7.17
11732,7.17
11734,7.58
11736,7.63
11738,7.17
11740,6.76
11742,7.17
11744,7.17
11746,7.58
11748,7.12
11750,7.17
11752,7.12
11754,7.03
11756,7.00
11758,7.01
11760,7.00
11762,7.43
11764,7.37
11766,7.37
11768,7.37
11770,7.37
11772,7.37
11774,7.89
11776,7.84
11778,7.43
11780,7.84
11782,7.41
11784,7.79
11786,7.37
11788,7.79
11790,7.37
11792,7.37
11794,7.79
11796,7.79
11798,7.22
11800,7.22
11802,7.20
11804,7.63
11806,7.22
11808,7.20
11810,7.67
11812,7.67
11814,7.68
11816,7.77
11818,7.37
11820,7.79
11822,7.79
11824,7.37
11826,7.79
11828,7.84
11830,7.84
11832,7.43
11834,7.84
11836,7.89
11838,7.89
11840,7.37
11842,7.36
11844,7.37
11846,7.37
11848,7.43
11850,7.43
11852,7.01
11854,7.01
11856,7.01
11858,7.12
11860,7.12
11862,7.58
11864,7.17
11866,7.17
11868,7.17
11870,7.15
11872,7.17
11874,7.17
11876,7.17
11878,7.17
11880,7.17
11882,7.12
11884,7.07
11886,7.07
11888,7.07
11890,7.07
11892,7.07
11894,7.07
11896,7.07
11898,7.07
11900,7.17
11902,7.17
11904,7.58
11906,7.58
11908,7.58
11910,7.12
11912,7.12
11914,7.12
11916,7.12
11918,7.12
11920,7.12
11922,7.53
11924,7.53
11926,7.37
11928,7.37
11930,7.37
11932,7.37
11934,7.37
11936,7.37
11938,7.73
11940,7.32
11942,7.31
11944,7.84
11946,7.84
11948,7.84
11950,7.84
11952,7.79
11954,7.37
11956,7.37
11958,7.37
11960,7.37
11962,7.37
11964,7.36
11966,7.37
11968,7.27
11970,7.25
11972,7.27
11974,7.68
11976,7.68
11978,7.73
11980,7.32
11982,7.73
11984,7.32
11986,7.43
11988,7.84
11990,7.84
11992,7.48
11994,7.48
11996,7.48
11998,7.46
12000,7.48
12002,7.48
12004,7.48
12006,7.53
12008,7.53
12010,7.49
12012,7.01
12014,7.01
12016,7.01
12018,7.01
12020,7.01
12022,7.48
12024,7.07
12026,7.43
12028,7.17
12030,7.58
12032,7.58
12034,7.58
12036,7.58
12038,7.17
12040,7.17
12042,7.58
12044,7.17
12046,7.58
12048,7.17
12050,7.12
12052,7.12
12054,7.00
12056,7.48
12058,7.01
12060,7.00
12062,7.43
12064,7.43
12066,7.43
12068,7.43
12070,7.36
12072,7.48
12074,7.48
12076,7.48
12078,7.48
12080,7.48
12082,7.48
12084,7.84
12086,7.43
12088,7.43
12090,7.41
12092,7.43
12094,7.43
12096,7.31
12098,7.73
12100,7.27
12102,7.68
12104,7.27
12106,7.27
12108,7.25
12110,7.27
12112,7.27
12114,7.37
12116,7.37
12118,7.77
12120,7.84
12122,7.37
12124,7.37
12126,7.37
12128,7.84
12130,7.43
12132,7.84
12134,7.43
12136,7.43
12138,7.37
12140,7.32
12142,7.73
12144,7.37
12146,7.37
12148,7.37
12150,7.37
12152,7.37
12154,7.37
12156,7.37
12158,7.48
12160,7.48
12162,7.53
12164,7.53
12166,7.12
12168,7.12
12170,7.12
12172,7.12
12174,7.12
12176,7.12
12178,7.12
12180,7.12
12182,7.01
12184,7.01
12186,7.43
12188,7.43
12190,7.01
12192,7.43
12194,7.43
12196,7.43
12198,7.12
12200,7.53
12202,7.12
12204,7.53
12206,7.10
12208,7.53
12210,7.12
12212,7.53
12214,7.53
12216,7.53
12218,7.12
12220,7.53
12222,7.53
12224,7.43
12226,7.43
12228,7.37
12230,7.37
12232,7.36
12234,7.37
12236,7.37
12238,7.37
12240,7.36
12242,7.79
12244,7.48
12246,7.43
12248,7.89
12250,7.43
12252,7.43
12254,7.43
12256,7.43
12258,7.43
12260,7.43
12262,7.43
12264,7.43
12266,7.34
12268,7.32
12270,7.31
12272,7.73
12274,7.32
12276,7.32
12278,7.32
12280,7.32
12282,7.32
12284,7.43
12286,7.82
12288,7.43
12290,7.84
12292,7.84
12294,7.41
12296,7.43
12298,7.89
12300,7.46
12302,7.48
12304,7.48
12306,7.48
12308,7.48
12310,7.37
12312,7.37
12314,7.37
12316,7.41
12318,7.43
12320,7.43
12322,7.43
12324,7.43
12326,7.07
12328,7.12
12330,7.53
12332,7.53
12334,7.53
12336,7.12
12338,7.12
12340,7.53
12342,7.53
12344,7.12
12346,7.51
12348,7.53
12350,7.53
12352,7.46
12354,7.43
12356,7.43
12358,7.01
12360,7.01
12362,7.43
12364,7.01
12366,7.01
12368,7.01
12370,7.12
12372,7.12
12374,7.53
12376,7.53
12378,7.53
12380,7.53
12382,7.53
12384,7.53
12386,7.48
12388,7.48
12390,7.48
12392,7.48
12394,7.37
12396,7.37
12398,7.37
12400,7.37
12402,7.37
12404,7.37
12406,7.37
12408,7.37
12410,7.32
12412,7.37
12414,7.43
12416,7.43
12418,7.43
12420,7.43
12422,7.43
12424,7.43
12426,7.43
12428,7.43
12430,7.43
12432,7.43
12434,7.43
12436,7.43
12438,7.32
12440,7.32
12442,7.32
12444,7.32
12446,7.32
12448,7.73
12450,7.31
12452,7.79
12454,7.37
12456,7.48
12458,7.48
12460,7.48
12462,7.48
12464,7.48
12466,7.48
12468,7.48
12470,7.48
12472,7.48
12474,7.48
12476,7.53
12478,7.48
12480,7.43
12482,7.37
12484,7.37
12486,7.01
12488,7.43
12490,7.43
12492,7.01
12494,7.01
12496,7.00
12498,7.12
12500,7.53
12502,7.51
12504,7.12
12506,7.12
12508,7.10
12510,7.12
12512,7.53
12514,7.53
12516,7.12
12518,7.12
12520,7.12
12522,7.43
12524,7.37
12526,7.43
12528,7.43
12530,7.43
12532,7.37
12534,7.37
12536,7.37
12538,7.37
12540,7.41
12542,7.48
12544,7.89
12546,7.89
12548,7.46
12550,7.48
12552,7.48
12554,7.48
12556,7.41
12558,7.43
12560,7.84
12562,7.43
12564,7.43
12566,7.32
12568,7.31
12570,7.31
12572,7.32
12574,7.32
12576,7.31
12578,7.32
12580,7.32
12582,7.72
12584,7.84
12586,7.84
12588,7.84
12590,7.84
12592,7.84
12594,7.43
12596,7.41
12598,7.43
12600,7.43
12602,7.43
12604,7.43
12606,7.43
12608,7.32
12610,7.73
12612,7.32
12614,7.37
12616,7.32
12618,7.37
12620,7.37
12622,7.37
12624,7.37
12626,7.48
12628,7.48
12630,7.48
12632,7.53
12634,7.48
12636,7.48
12638,7.53
12640,7.48
12642,7.53
12644,7.53
12646,7.53
12648,7.53
12650,7.48
12652,7.01
12654,7.01
12656,7.43
12658,7.43
12660,7.43
12662,7.43
12664,7.43
12666,7.43
12668,7.10
12670,7.12
12672,7.94
12674,7.53
12676,7.53
12678,7.48
12680,7.53
12682,7.48
12684,7.48
12686,7.48
12688,7.48
12690,7.48
12692,7.48
12694,7.37
12696,7.36
12698,7.77
12700,7.36
12702,7.37
12704,7.37
12706,7.32
12708,7.73
12710,7.32
12712,7.43
12714,7.84
12716,7.43
12718,7.41
12720,7.84
12722,7.36
12724,7.41
12726,7.79
12728,7.37
12730,7.79
12732,7.37
12734,7.79
12736,7.25
12738,7.68
12740,7.25
12742,7.25
12744,7.27
12746,7.27
12748,7.27
12750,7.68
12752,7.68
12754,7.37
12756,7.79
12758,7.37
12760,7.84
12762,7.84
12764,7.43
12766,7.43
12768,7.43
12770,7.43
12772,7.43
12774,7.43
12776,7.48
12778,7.41
12780,7.37
12782,7.37
12784,7.36
12786,7.37
12788,7.37
12790,7.37
12792,7.43
12794,7.43
12796,7.44
12798,7.53
12800,7.53
12802,7.53
12804,7.53
12806,7.12
12808,7.12
12810,7.12
12812,7.12
12814,7.53
12816,7.12
12818,7.12
12820,7.12
12822,7.43
12824,7.01
12826,7.01
12828,7.01
12830,7.01
12832,7.43
12834,7.01
12836,7.00
12838,7.10
12840,7.12
12842,7.53
12844,7.53
12846,7.53
12848,7.53
12850,7.48
12852,7.48
12854,7.48
12856,7.48
12858,7.48
12860,7.48
12862,7.48
12864,7.37
12866,7.32
12868,7.32
12870,7.32
12872,7.32
12874,7.32
12876,7.32
12878,7.73
12880,7.68
12882,7.67
12884,7.79
12886,7.79
12888,7.79
12890,7.37
12892,7.37
12894,7.37
12896,7.79
12898,7.37
12900,7.37
12902,7.32
12904,7.79
12906,7.72
12908,7.22
12910,7.68
12912,7.25
12914,7.27
12916,7.22
12918,7.68
12920,7.27
12922,7.27
12924,7.68
12926,7.79
12928,7.37
12930,7.84
12932,7.43
12934,7.43
12936,7.43
12938,7.43
12940,7.89
12942,7.48
12944,7.48
12946,7.48
12948,7.48
12950,7.37
12952,7.37
12954,7.37
12956,7.37
12958,7.01
12960,7.43
12962,7.01
12964,7.43
12966,7.10
12968,7.12
12970,7.53
12972,7.53
12974,7.12
12976,7.12
12978,7.12
12980,7.58
12982,7.53
12984,7.53
12986,7.53
12988,7.53
12990,7.12
12992,7.01
12994,7.01
12996,7.01
12998,7.01
13000,7.01
13002,7.01
13004,7.01
13006,7.43
13008,7.43
13010,7.53
13012,7.48
13014,7.89
13016,7.89
13018,7.48
13020,7.48
13022,7.48
13024,7.43
13026,7.43
13028,7.43
13030,7.43
13032,7.43
13034,7.77
13036,7.27
13038,7.73
13040,7.68
13042,7.27
13044,7.27
13046,7.27
13048,7.27
13050,7.68
13052,7.68
13054,7.79
13056,7.79
13058,7.79
13060,7.37
13062,7.37
13064,7.37
13066,7.37
13068,7.36
13070,7.37
13072,7.79
13074,7.79
13076,7.37
13078,7.27
13080,7.32
13082,7.73
13084,7.32
13086,7.32
13088,7.32
13090,7.32
13092,7.32
13094,7.32
13096,7.89
13098,7.89
13100,7.89
13102,7.48
13104,7.48
13106,7.48
13108,7.48
13110,7.48
13112,7.48
13114,7.48
13116,7.48
13118,7.48
13120,7.43
13122,7.37
13124,7.43
13126,7.43
13128,7.41
13130,7.43
13132,7.43
13134,7.41
13136,7.43
13138,7.48
13140,7.53
13142,7.48
13144,7.53
13146,7.48
13148,7.53
13150,7.48
13152,7.48
13154,7.48
13156,7.48
13158,7.48
13160,7.48
13162,7.39
13164,7.37
13166,7.37
13168,7.37
13170,7.37
13172,7.37
13174,7.32
13176,7.32
13178,7.32
13180,7.43
13182,7.43
13184,7.84
13186,7.84
13188,7.43
13190,7.37
13192,7.37
13194,7.84
13196,7.84
13198,7.37
13200,7.79
13202,7.37
13204,7.37
13206,7.27
13208,7.27
13210,7.27
13212,7.68
13214,7.68
13216,7.68
13218,7.68
13220,7.27
13222,7.68
13224,7.43
13226,7.84
13228,7.43
13230,7.84
13232,7.43
13234,7.43
13236,7.43
13238,7.43
13240,7.43
13242,7.43
13244,7.48
13246,7.48
13248,7.37
13250,7.37
13252,7.37
13254,7.37
13256,7.37
13258,7.37
13260,7.37
13262,7.37
13264,7.37
13266,7.48
13268,7.53
13270,7.94
13272,7.53
13274,7.53
13276,7.53
13278,7.53
13280,7.53
13282,7.53
13284,7.53
13286,7.51
13288,7.53
13290,7.51
13292,7.43
13294,7.37
13296,7.37
13298,7.37
13300,7.37
13302,7.37
13304,7.37
13306,7.37
13308,7.37
13310,7.48
13312,7.89
13314,7.48
13316,7.48
13318,7.89
13320,7.43
13322,7.43
13324,7.43
13326,7.43
13328,7.43
13330,7.43
13332,7.43
13334,7.32
13336,7.73
13338,7.32
13340,7.27
13342,7.27
13344,7.27
13346,7.27
13348,7.27
13350,7.27
13352,7.37
13354,7.37
13356,7.37
13358,7.37
13360,7.37
13362,7.37
13364,7.37
13366,7.79
13368,7.37
13370,7.37
13372,7.37
13374,7.37
13376,7.27
13378,7.27
13380,7.27
13382,7.27
13384,7.27
13386,7.27
13388,7.27
13390,7.68
13392,7.32
13394,7.73
13396,7.84
13398,7.84
13400,7.84
13402,7.43
13404,7.43
13406,7.43
13408,7.89
13410,7.43
13412,7.89
13414,7.48
13416,7.48
13418,7.43
13420,7.37
13422,7.37
13424,7.37
13426,7.37
13428,7.37
13430,7.37
13432,7.37
13434,7.37
13436,7.43
13438,7.53
13440,7.53
13442,7.12
13444,7.12
13446,7.53
13448,7.94
13450,7.12
13452,7.53
13454,7.94
13456,7.12
13458,7.53
13460,7.51
13462,7.37
13464,7.37
13466,7.37
13468,7.37
13470,7.37
13472,7.37
13474,7.37
13476,7.37
13478,7.37
13480,7.48
13482,7.48
13484,7.48
13486,7.48
13488,7.89
13490,7.43
13492,7.43
13494,7.43
13496,7.43
13498,7.43
13500,7.43
13502,7.43
13504,7.32
13506,7.32
13508,7.32
13510,7.32
13512,7.32
13514,7.73
13516,7.72
13518,7.72
13520,7.32
13522,7.68
13524,7.43
13526,7.84
13528,7.82
13530,7.79
13532,7.84
13534,7.84
13536,7.84
13538,7.43
13540,7.43
13542,7.43
13544,7.43
13546,7.36
13548,7.32
13550,7.32
13552,7.73
13554,7.73
13556,7.37
13558,7.79
13560,7.37
13562,7.37
13564,7.37
13566,7.48
13568,7.48
13570,7.89
13572,7.48
13574,7.48
13576,7.48
13578,7.46
13580,7.89
13582,7.53
13584,7.51
13586,7.53
13588,7.53
13590,7.41
13592,7.41
13594,7.43
13596,7.43
13598,7.43
13600,7.43
13602,7.43
13604,7.43
13606,7.43
13608,7.53
13610,7.53
13612,7.53
13614,7.53
13616,7.53
13618,7.53
13620,7.53
13622,7.94
13624,7.51
13626,7.48
13628,7.48
13630,7.48
13632,7.37
13634,7.37
13636,7.37
13638,7.37
13640,7.37
13642,7.37
13644,7.37
13646,7.37
13648,7.37
13650,7.79
13652,7.48
13654,7.89
13656,7.48
13658,7.43
13660,7.43
13662,7.41
13664,7.43
13666,7.43
13668,7.43
13670,7.43
13672,7.43
13674,7.36
13676,7.32
13678,7.32
13680,7.32
13682,7.32
13684,7.32
13686,7.32
13688,7.32
13690,7.32
13692,7.43
13694,7.43
13696,7.84
13698,7.89
13700,7.43
13702,7.43
13704,7.82
13706,7.82
13708,7.43
13710,7.48
13712,7.87
13714,7.48
13716,7.48
13718,7.37
13720,7.79
13722,7.37
13724,7.37
13726,7.37
13728,7.37
13730,7.36
13732,7.37
13734,7.37
13736,7.48
13738,7.48
13740,7.89
13742,7.48
13744,7.48
13746,7.48
13748,7.48
13750,7.48
13752,7.48
13754,7.48
13756,7.48
13758,7.48
13760,7.37
13762,7.37
13764,7.37
13766,7.37
13768,7.37
13770,7.36
13772,7.37
13774,7.36
13776,7.37
13778,7.48
13780,7.48
13782,7.89
13784,7.48
13786,7.48
13788,7.87
13790,7.46
13792,7.89
13794,7.43
13796,7.48
13798,7.84
13800,7.41
13802,7.36
13804,7.32
13806,7.31
13808,7.72
13810,7.32
13812,7.31
13814,7.32
13816,7.32
13818,7.32
13820,7.39
13822,7.43
13824,7.84
13826,7.84
13828,7.43
13830,7.43
13832,7.43
13834,7.43
13836,7.43
13838,7.43
13840,7.43
13842,7.82
13844,7.48
13846,7.79
13848,7.79
13850,7.37
13852,7.37
13854,7.37
13856,7.37
13858,7.77
13860,7.37
13862,7.36
13864,7.48
13866,7.48
13868,7.48
13870,7.48
13872,7.94
13874,7.53
13876,7.94
13878,7.48
13880,7.53
13882,7.94
13884,7.94
13886,7.53
13888,7.41
13890,7.84
13892,7.79
13894,7.43
13896,7.37
13898,7.37
13900,7.37
13902,7.37
13904,7.37
13906,7.48
13908,7.48
13910,7.87
13912,7.48
13914,7.43
13916,7.43
13918,7.43
13920,7.43
13922,7.84
13924,7.43
13926,7.79
13928,7.84
13930,7.73
13932,7.27
13934,7.27
13936,7.27
13938,7.27
13940,7.22
13942,7.27
13944,7.27
13946,7.20
13948,7.37
13950,7.32
13952,7.32
13954,7.79
13956,7.32
13958,7.79
13960,7.32
13962,7.37
13964,7.31
13966,7.79
13968,7.32
13970,7.37
13972,7.36
13974,7.27
13976,7.27
13978,7.27
13980,7.67
13982,7.25
13984,7.27
13986,7.73
13988,7.27
13990,7.32
13992,7.84
13994,7.84
13996,7.84
13998,7.84
14000,7.41
14002,7.43
14004,7.43
14006,7.43
14008,7.43
14010,7.43
14012,7.43
14014,7.84
14016,7.73
14018,7.32
14020,7.73
14022,7.73
14024,7.73
14026,7.73
14028,7.73
14030,7.73
14032,7.73
14034,7.73
14036,7.84
14038,7.79
14040,7.84
14042,7.84
14044,7.37
14046,7.79
14048,7.79
14050,7.79
14052,7.79
14054,7.79
14056,7.79
14058,7.73
14060,7.68
14062,7.22
14064,7.68
14066,7.68
14068,7.22
14070,7.22
14072,7.22
14074,7.63
14076,7.32
14078,7.32
14080,7.32
14082,7.73
14084,7.32
14086,7.73
14088,7.32
14090,7.72
14092,7.32
14094,7.73
14096,7.32
14098,7.32
14100,7.32
14102,7.63
14104,7.22
14106,7.68
14108,7.67
14110,7.68
14112,7.73
14114,7.68
14116,7.73
14118,7.73
14120,7.89
14122,7.89
14124,7.89
14126,7.89
14128,7.94
14130,7.94
14132,7.94
14134,7.53
14136,7.99
14138,7.58
14140,7.56
14142,8.04
14144,7.53
14146,7.94
14148,7.99
14150,7.97
14152,7.99
14154,8.45
14156,8.04
14158,8.45
14160,8.45
14162,8.51
14164,8.51
14166,8.66
14168,9.07
14170,9.12
14172,9.12
14174,9.12
14176,9.12
14178,9.12
14180,9.59
14182,9.18
14184,9.18
14186,9.14
14188,9.06
14190,9.48
14192,9.48
14194,9.95
14196,9.54
14198,9.54
14200,9.95
14202,9.95
14204,9.95
14206,10.36
14208,9.95
14210,9.57
14212,10.46
14214,10.87
14216,10.46
14218,10.87
14220,10.87
14222,10.41
14224,10.41
14226,10.41
14228,10.41
14230,9.84
14232,10.31
14234,9.84
14236,9.84
14238,9.84
14240,10.72
14242,10.72
14244,10.72
14246,10.72
14248,10.72
14250,10.72
14252,10.26
14254,10.36
14256,9.48
14258,9.02
14260,9.43
14262,8.97
14264,7.68
14266,8.51
14268,8.51
14270,8.97
14272,9.33
14274,9.33
14276,9.33
14278,9.79
14280,9.79
14282,9.38
14284,9.38
14286,8.97
14288,8.95
14290,9.38
14292,8.56
14294,8.20
14296,9.12
14298,8.66
14300,8.71
14302,8.28
14304,9.18
14306,8.76
14308,8.35
14310,8.80
14312,8.40
14314,8.33
14316,8.28
14318,8.30
14320,7.94
14322,7.94
14324,7.94
14326,7.99
14328,7.99
14330,8.45
14332,8.04
14334,8.15
14336,8.92
14338,8.61
14340,8.61
14342,9.48
14344,9.07
14346,9.95
14348,10.00
14350,9.95
14352,9.95
14354,10.41
14356,10.41
14358,10.72
14360,10.72
14362,11.13
14364,10.72
14366,13.70
14368,11.13
14370,13.75
14372,11.64
14374,12.11
14376,10.87
14378,32.64
14381,13.60
14383,32.16
14386,32.14
14389,32.96
14392,32.96
14395,32.50
14398,38.42
14401,41.19
14405,38.26
14408,36.48
14412,33.89
14415,33.43
14418,32.96
14421,32.50
14424,32.04
14427,32.45
14430,31.59
14433,31.98
14436,32.38
14439,32.38
14442,31.92
14445,32.79
14449,32.38
14452,31.92
14455,31.45
14458,31.40
14461,31.40
14464,30.94
14467,31.30
14470,30.89
14473,31.30
14476,31.25
14479,31.20
14482,31.30
14485,31.66
14488,32.07
14491,33.72
14494,33.61
14497,33.41
14500,32.48
14503,31.66
14506,31.61
14509,31.57
14512,31.52
14515,30.94
14518,31.32
14521,31.68
14524,31.66
14527,32.02
14530,31.14
14533,31.50
14536,31.01
14539,30.54
14542,30.90
14545,30.87
14548,31.35
14551,31.32
14554,32.14
14557,32.55
14560,34.25
14563,34.97
14567,34.51
14570,32.76
14573,32.28
14576,31.40
14579,31.30
14582,30.96
14585,30.49
14588,30.03
14591,30.29
14594,30.24
14597,29.36
14600,30.12
14603,29.72
14605,29.67
14608,29.52
14611,29.46
14614,29.41
14617,28.95
14620,29.41
14623,29.36
14626,29.19
14629,29.14
14631,29.50
14634,29.45
14637,29.03
14640,28.47
14643,28.42
14646,28.78
14649,29.72
14652,29.24
14654,29.50
14657,29.91
14660,30.34
14663,30.30
14666,30.70
14669,30.65
14672,30.72
14675,31.11
14678,30.10
14681,29.62
14684,29.14
14687,28.69
14690,29.15
14692,29.10
14695,28.49
14698,28.43
14701,27.97
14704,28.47
14707,27.87
14709,27.80
14712,27.87
14715,27.82
14718,28.07
14721,27.61
14723,27.66
14726,27.61
14729,27.44
14732,26.94
14735,26.98
14737,26.84
14740,26.79
14743,26.43
14745,26.27
14748,26.63
14751,26.26
14754,26.12
14756,26.58
14759,26.51
14762,25.95
14764,26.02
14767,25.97
14770,25.79
14773,26.26
14775,25.69
14778,26.15
14781,26.10
14783,25.97
14786,26.02
14789,25.97
14791,25.79
14794,25.86
14797,25.71
14799,25.76
14802,25.69
14805,25.54
14807,25.59
14810,25.85
14813,25.81
14815,25.86
14818,25.71
14821,25.30
14823,25.12
14826,25.09
14829,25.14
14831,24.56
14834,25.02
14837,25.30
14839,24.88
14842,24.71
14844,24.78
14847,24.71
14850,24.99
14852,24.58
14855,24.42
14858,24.06
14860,24.32
14863,24.78
14865,24.61
14868,24.22
14871,24.04
14873,24.10
14876,24.04
14878,23.99
14881,23.94
14883,24.32
14886,23.79
14889,23.74
14891,24.10
14894,24.04
14896,23.99
14899,23.50
14901,23.86
14904,23.79
14907,23.74
14909,23.65
14912,23.60
14914,23.14
14917,23.48
14919,23.86
14922,23.34
14924,22.86
14927,23.12
14929,23.60
14932,22.96
14934,23.03
14937,23.27
14939,23.32
14942,23.17
14945,22.76
14947,22.72
14950,23.08
14952,23.43
14955,22.52
14957,22.88
14960,23.12
14962,22.72
14965,22.57
14967,21.75
14970,22.05
14972,22.47
14974,22.35
14977,22.21
14979,21.80
14982,21.75
14984,22.11
14987,21.16
14989,21.44
14992,21.47
14994,21.85
14996,20.80
14999,21.27
15001,21.18
15004,21.11
15006,21.08
15008,21.44
15011,20.91
15013,20.44
15016,20.80
15018,21.16
15020,20.25
15023,20.61
15025,20.96
15028,20.46
15030,20.39
15032,20.19
15035,19.83
15037,20.20
15039,20.46
15042,20.03
15044,19.98
15046,20.34
15049,19.83
15051,19.77
15053,19.72
15056,19.62
15058,19.59
15060,19.95
15063,19.88
15065,19.26
15067,19.33
15070,19.21
15072,19.17
15074,18.66
15076,19.47
15079,18.56
15081,18.92
15083,18.86
15086,19.11
15088,18.71
15090,18.23
15092,19.00
15095,18.09
15097,18.02
15099,18.40
15101,17.89
15104,17.82
15106,17.78
15108,18.13
15110,18.08
15112,18.44
15115,17.53
15117,17.87
15119,17.37
15121,17.32
15123,17.27
15126,17.61
15128,17.12
15130,17.05
15132,17.00
15134,16.96
15136,16.91
15139,17.27
15141,17.20
15143,17.56
15145,16.64
15147,16.58
15149,16.94
15152,16.91
15154,16.86
15156,17.22
15158,16.70
15160,16.24
15162,16.28
15165,16.22
15167,16.07
15169,16.04
15171,16.40
15173,16.33
15175,16.28
15177,16.64
15179,15.71
15181,15.66
15184,15.62
15186,16.02
15188,16.38
15190,16.33
15192,16.28
15194,15.35
15196,15.30
15198,14.83
15200,15.19
15202,15.23
15204,16.07
15206,15.61
15209,15.95
15211,15.81
15213,14.89
15215,14.83
15217,15.25
15219,14.80
15221,14.83
15223,15.19
15225,15.07
15227,15.45
15229,15.40
15231,15.35
15233,14.42
15235,14.83
15237,14.47
15239,14.42
15241,15.25
15243,14.78
15245,14.73
15247,14.68
15249,14.65
15251,14.06
15253,14.01
15255,13.55
15257,13.96
15259,13.91
15261,13.86
15263,13.86
15265,14.22
15267,14.17
15269,14.17
15271,14.11
15273,13.63
15275,13.60
15277,13.24
15279,13.65
15281,13.10
15283,13.50
15285,13.45
15287,13.39
15289,13.39
15291,13.75
15293,13.75
15295,13.70
15297,14.11
15299,13.65
15301,13.29
15303,12.83
15305,13.14
15307,12.67
15309,13.09
15310,12.62
15312,13.03
15314,12.98
15316,13.09
15318,13.50
15320,13.45
15322,13.75
15324,13.29
15326,12.83
15328,13.24
15330,12.78
15332,13.19
15334,12.73
15336,13.24
15338,12.37
15339,12.67
15341,12.21
15343,12.21
15345,12.62
15347,12.59
15349,12.69
15351,13.09
15353,12.95
15355,12.93
15357,12.93
15359,13.34
15361,12.88
15362,12.88
15364,12.95
15366,12.93
15368,12.47
15370,12.78
15372,12.79
15374,12.31
15376,12.73
15378,11.95
15380,12.38
15382,12.28
15383,12.67
15385,12.23
15387,12.21
15389,11.80
15391,12.33
15393,12.31
15395,12.62
15397,12.16
15399,11.75
15400,12.16
15402,12.26
15404,12.67
15406,12.57
15408,12.98
15410,12.98
15412,12.52
15414,12.52
15416,12.62
15417,12.62
15419,12.93
15421,12.93
15423,12.47
15425,12.47
15427,12.47
15429,12.47
15431,12.57
15433,12.52
15435,12.42
15437,12.88
15438,12.88
15440,12.42
15442,12.42
15444,12.11
15446,12.52
15448,12.42
15450,12.42
15452,12.42
15454,12.83
15456,12.06
15457,12.49
15459,12.83
15461,12.83
15463,11.95
15465,12.38
15467,12.38
15469,12.49
15471,12.06
15473,11.95
15474,12.37
15476,11.95
15478,11.95
15480,12.06
15482,12.47
15484,12.38
15486,12.38
15488,12.38
15490,12.37
15491,12.02
15493,12.47
15495,12.38
15497,12.37
15499,12.37
15501,12.38
15503,11.95
15505,12.93
15507,12.95
15508,12.83
15510,12.42
15512,12.83
15514,12.42
15516,12.42
15518,12.52
15520,12.93
15522,12.93
15524,12.42
15526,13.29
15528,13.29
15530,12.88
15531,13.29
15533,12.42
15535,12.98
15537,12.98
15539,12.88
15541,12.49
15543,12.47
15545,12.88
15547,12.88
15549,12.57
15551,12.57
15553,12.90
15554,13.34
15556,13.34
15558,12.93
15560,13.34
15562,12.93
15564,12.93
15566,13.03
15568,13.03
15570,12.95
15572,13.82
15574,13.81
15576,13.41
15578,13.41
15580,13.41
15582,12.98
15584,13.00
15586,13.09
15587,12.67
15589,26.17
15592,26.17
15595,27.56
15598,13.91
15600,13.50
15601,12.62
15603,13.09
15605,13.10
15607,13.09
15609,13.09
15611,12.31
15613,12.79
15615,12.67
15617,12.26
15619,12.67
15621,12.26
15623,12.26
15624,12.37
15626,12.37
15628,12.26
15630,12.26
15632,12.26
15634,12.26
15636,11.97
15638,12.83
15640,12.73
15641,12.31
15643,12.31
15645,12.31
15647,12.74
15649,12.43
15651,12.88
15653,12.79
15655,12.31
15657,12.33
15659,12.38
15660,12.37
15662,12.88
15664,12.49
15666,12.37
15668,12.37
15670,12.37
15672,12.83
15674,12.85
15676,12.95
15678,12.93
15680,12.83
15681,12.83
15683,12.83
15685,13.24
15687,13.29
15689,12.90
15691,12.88
15693,13.41
15695,13.00
15697,13.29
15699,13.70
15701,13.75
15703,14.18
15705,13.75
15707,14.17
15709,14.17
15711,14.17
15713,14.58
15715,14.22
15717,14.22
15719,14.63
15721,14.63
15723,15.04
15725,15.50
15727,15.50
15729,15.50
15731,15.50
15733,15.11
15735,16.79
15737,15.93
15739,15.97
15742,16.38
15744,16.38
15746,16.38
15748,17.25
15750,16.84
15752,16.94
15754,17.25
15757,17.72
15759,17.30
15761,24.61
15764,23.32
15766,24.22
15769,24.20
15771,24.11
15774,24.66
15776,24.56
15779,25.14
15782,25.02
15784,25.59
15787,25.50
15790,25.95
15792,25.64
15795,26.41
15798,25.69
15800,25.30
15803,25.19
15806,25.30
15808,24.78
15811,25.35
15814,25.24
15816,24.83
15819,25.81
15822,25.30
15824,25.85
15827,25.35
15830,25.35
15832,26.36
15835,26.26
15838,26.84
15840,16.89
15843,16.43
15845,15.19
15847,16.48
15849,14.78
15851,14.37
15853,14.37
15855,14.37
15857,13.96
15859,14.06
15861,13.65
15863,14.06
15865,13.55
15867,13.55
15869,14.42
15871,14.01
15873,14.01
15875,14.01
15877,14.01
15879,14.47
15881,14.47
15883,14.06
15885,15.33
15887,14.92
15889,14.53
15891,14.53
15893,14.51
15895,14.53
15897,14.53
15899,15.40
15901,14.99
15903,14.99
15905,14.97
15907,15.45
15909,14.58
15911,15.04
15913,15.04
15915,14.63
15917,14.22
15919,14.63
15921,14.73
15923,14.78
15925,14.77
15927,14.37
15929,14.37
15931,14.35
15933,13.86
15935,13.86
15937,13.86
15939,14.32
15941,14.32
15943,13.91
15945,13.91
15947,13.91
15949,13.91
15951,13.91
15953,14.37
15955,13.96
15957,13.96
15959,13.96
15961,14.06
15963,14.06
15965,14.06
15967,14.42
15969,14.01
15971,13.60
15973,13.60
15975,13.60
15977,14.06
15979,14.06
15981,14.06
15983,14.53
15985,14.53
15987,14.11
15989,14.11
15991,14.11
15993,14.11
15995,14.58
15997,14.59
15999,14.29
16001,14.27
16003,14.27
16005,14.73
16007,14.22
16009,14.22
16011,14.22
16013,14.22
16015,14.68
16017,14.27
16019,13.86
16021,13.86
16023,13.86
16025,14.32
16027,13.89
16029,13.91
16031,14.32
16033,13.91
16035,13.91
16037,13.91
16039,14.49
16041,14.01
16043,14.06
16045,13.55
16047,13.55
16049,13.55
16051,13.55
16053,14.42
16055,14.01
16057,14.01
16059,14.01
16061,14.01
16063,14.47
16065,14.06
16067,14.47
16069,14.53
16071,14.53
16073,14.53
16075,14.63
16077,14.22
16079,14.63
16081,14.63
16083,14.68
16085,14.65
16087,14.58
16089,14.58
16091,15.04
16093,15.04
16095,14.63
16097,14.63
16099,14.63
16101,14.63
16103,15.09
16105,14.68
16107,14.68
16109,14.68
16111,14.27
16113,14.27
16115,14.27
16117,14.27
16119,14.27
16121,14.27
16123,14.25
16125,14.32
16127,14.30
16129,13.91
16131,14.30
16133,14.32
16135,14.32
16137,14.32
16139,14.42
16141,14.89
16144,14.89
16146,14.47
16148,14.47
16150,14.47
16152,14.37
16154,14.37
16156,13.96
16158,13.96
16160,13.96
16162,13.96
16164,13.96
16166,13.96
16168,14.42
16170,13.96
16172,14.42
16174,14.42
16176,14.44
16178,14.90
16180,14.44
16182,14.90
16184,14.89
16186,14.89
16188,14.89
16190,14.89
16192,14.90
16194,15.35
16196,15.35
16198,14.94
16200,14.94
16202,14.94
16204,14.94
16206,14.95
16208,14.94
16210,15.81
16212,14.94
16214,15.40
16216,15.40
16218,14.99
16220,14.99
16223,15.40
16225,15.40
16227,15.40
16229,15.42
16231,15.01
16233,15.88
16235,15.45
16237,15.45
16239,15.45
16241,15.45
16243,15.45
16245,15.45
16247,16.34
16249,15.45
16252,14.99
16254,15.06
16256,15.06
16258,15.06
16260,15.04
16262,15.04
16264,15.50
16266,15.06
16268,15.04
16270,15.50
16272,14.63
16274,14.63
16276,15.04
16278,15.50
16280,15.04
16282,15.09
16284,15.50
16286,15.50
16288,15.50
16291,15.09
16293,15.11
16295,15.50
16297,15.11
16299,15.09
16301,15.09
16303,14.68
16305,15.09
16307,15.09
16309,14.68
16311,15.09
16313,15.09
16315,15.09
16317,14.68
16319,14.68
16321,14.68
16323,14.68
16325,14.68
16327,14.68
16329,15.09
16331,15.14
16334,15.56
16336,15.56
16338,15.14
16340,15.56
16342,15.14
16344,15.56
16346,15.16
16348,15.14
16350,15.14
16352,15.14
16354,15.14
16356,15.14
16358,15.14
16360,15.14
16362,15.14
16364,15.14
16367,15.16
16369,15.14
16371,15.14
16373,15.14
16375,15.14
16377,15.14
16379,15.14
16381,15.25
16383,15.25
16385,15.25
16387,15.25
16389,15.25
16391,15.25
16393,15.25
16395,15.26
16397,15.25
16399,15.71
16402,15.61
16404,14.77
16406,14.83
16408,15.61
16410,14.85
16412,14.83
16414,15.62
16416,14.83
16418,15.14
16420,14.83
16422,15.61
16424,15.14
16426,14.73
16428,14.83
16430,15.61
16432,14.82
16434,15.61
16436,14.73
16438,14.83
16440,15.16
16443,14.85
16445,15.61
16447,14.75
16449,14.83
16451,15.25
16453,15.21
16455,15.14
16457,14.83
16459,15.19
16461,14.83
16463,15.25
16465,15.16
16467,14.42
16469,15.25
16471,14.83
16473,15.25
16475,15.25
16477,15.25
16479,15.26
16481,15.16
16484,14.83
16486,15.25
16488,15.18
16490,14.83
16492,15.25
16494,15.16
16496,14.83
16498,15.25
16500,15.14
16502,15.16
16504,14.85
16506,15.18
16508,14.83
16510,15.25
16512,15.14
16514,14.83
16516,15.25
16518,15.19
16520,15.14
16522,14.85
16524,15.25
16527,15.14
16529,15.16
16531,14.80
16533,15.25
16535,15.56
16537,15.14
16539,14.68
16541,14.85
16543,15.56
16545,15.14
16547,15.14
16549,14.68
16551,15.14
16553,14.78
16555,14.78
16557,14.78
16559,14.78
16561,14.78
16563,15.25
16565,14.78
16567,14.78
16569,14.78
16571,14.78
16573,15.09
16576,15.56
16578,14.78
16580,15.61
16582,15.19
16584,15.19
16586,15.19
16588,15.19
16590,15.19
16592,15.19
16594,15.19
16596,15.19
16598,15.19
16600,15.19
16602,15.19
16604,15.61
16606,15.97
16608,15.97
16611,15.97
16613,15.97
16615,15.97
16617,15.97
16619,16.38
16621,16.38
16623,16.38
16625,16.36
16627,15.95
16630,16.38
16632,16.38
16634,16.38
16636,16.48
16638,16.79
16640,16.81
16642,17.25
16645,17.66
16647,16.79
16649,17.66
16651,17.66
16653,17.66
16655,17.25
16658,18.13
16660,17.66
16662,17.66
16664,18.54
16667,18.54
16669,18.54
16671,19.41
16673,18.54
16676,19.41
16678,19.00
16680,19.41
16682,19.41
16685,19.41
16687,19.31
16689,20.29
16692,19.86
16694,19.88
16696,19.88
16699,19.86
16701,19.88
16703,19.77
16706,19.88
16708,19.88
16710,19.88
16713,18.90
16715,19.02
16717,19.02
16720,19.00
16722,18.59
16724,18.59
16726,18.59
16729,18.18
16731,18.59
16733,18.59
16735,17.72
16738,18.59
16740,18.14
16742,17.72
16744,17.72
16746,16.89
16749,15.76
16751,16.89
16753,16.48
16755,16.48
16757,16.48
16759,14.78
16761,15.19
16763,14.78
16765,14.78
16767,14.78
16769,14.78
16771,15.19
16773,15.19
16776,15.19
16778,15.19
16780,15.61
16782,14.32
16784,14.32
16786,14.32
16788,14.32
16790,14.44
16792,15.16
16794,14.85
16796,15.26
16798,15.14
16800,14.83
16802,14.37
16804,14.39
16806,14.37
16808,14.37
16810,14.27
16812,14.27
16814,14.27
16816,14.27
16818,14.27
16820,14.68
16822,14.66
16824,14.68
16826,14.68
16828,14.68
16830,14.68
16832,14.68
16834,14.68
16836,15.09
16838,15.09
16840,15.09
16842,15.09
16844,15.50
16847,15.50
16849,15.09
16851,15.50
16853,15.09
16855,15.04
16857,15.04
16859,15.06
16861,15.06
16863,15.06
16865,15.04
16867,14.63
16869,15.04
16871,15.04
16873,15.04
16875,15.04
16877,15.04
16879,15.04
16881,15.06
16883,15.04
16885,15.04
16887,15.04
16890,15.04
16892,15.06
16894,15.04
16896,15.06
16898,15.04
16900,15.04
16902,14.58
16904,15.04
16906,14.58
16908,15.04
16910,15.04
16912,15.04
16914,15.04
16916,15.04
16918,15.04
16920,15.04
16922,14.99
16924,14.58
16926,14.59
16928,15.04
16930,14.58
16932,14.58
16934,15.02
16936,14.58
16938,14.58
16940,14.58
16942,14.58
16945,14.58
16947,14.58
16949,14.58
16951,14.58
16953,14.58
16955,14.58
16957,14.68
16959,14.68
16961,15.07
16963,14.68
16965,14.68
16967,14.70
16969,14.68
16971,14.68
16973,14.58
16975,14.58
16977,14.99
16979,14.58
16981,14.58
16983,15.04
16985,14.58
16987,15.04
16989,14.58
16991,15.04
16993,15.04
16995,15.04
16997,15.04
16999,15.04
17001,15.04
17003,14.58
17005,14.59
17007,15.04
17009,15.04
17012,15.04
17014,15.04
17016,14.63
17018,15.06
17020,14.63
17022,14.63
17024,14.65
17026,14.63
17028,14.63
17030,14.63
17032,14.63
17034,14.65
17036,14.63
17038,14.63
17040,14.22
17042,14.63
17044,14.22
17046,14.22
17048,14.23
17050,14.22
17052,14.22
17054,14.22
17056,14.22
17058,14.78
17060,14.32
17062,14.32
17064,14.32
17066,14.22
17068,14.22
17070,14.68
17072,14.22
17074,14.22
17076,14.68
17078,14.22
17080,14.68
17082,14.22
17084,14.27
17086,14.68
17088,14.68
17090,14.27
17092,14.68
17094,14.68
17096,14.68
17098,14.68
17100,14.27
17102,14.27
17104,14.27
17106,14.68
17108,14.68
17110,14.68
17112,14.68
17114,14.68
17116,14.68
17118,14.70
17120,14.68
17122,15.14
17125,14.78
17127,14.37
17129,14.37
17131,14.78
17133,14.39
17135,14.30
17137,14.73
17139,14.73
17141,14.70
17143,14.73
17145,14.73
17147,14.73
17149,14.73
17151,14.32
17153,14.32
17155,14.32
17157,14.32
17159,14.73
17161,14.73
17163,14.73
17165,14.73
17167,14.75
17169,14.75
17171,14.73
17173,14.73
17175,14.75
17177,14.75
17179,14.73
17181,14.75
17183,15.19
17185,15.19
17187,14.73
17189,14.80
17192,14.78
17194,14.32
17196,14.32
17198,14.78
17200,14.32
17202,14.78
17204,14.78
17206,14.80
17208,14.78
17210,14.78
17212,14.78
17214,14.78
17216,14.78
17218,14.37
17220,14.37
17222,14.47
17224,14.47
17226,14.47
17228,14.47
17230,14.47
17232,14.39
17234,14.37
17236,14.37
17238,14.37
17240,13.96
17242,13.96
17244,13.96
17246,14.37
17248,13.96
17250,13.96
17252,13.96
17254,13.96
17256,14.37
17258,14.37
17260,14.37
17262,14.83
17264,14.39
17266,14.37
17268,14.37
17270,14.83
17272,14.94
17274,14.06
17276,14.06
17278,14.47
17280,13.96
17282,13.96
17284,13.96
17286,13.96
17288,13.96
17290,13.96
17292,13.96
17294,13.96
17296,14.83
17298,14.39
17300,14.42
17302,14.83
17304,14.83
17306,14.42
17308,14.42
17310,14.42
17312,13.96
17314,14.42
17316,14.53
17318,14.06
17320,14.06
17322,14.54
17324,13.96
17326,13.96
17328,13.96
17330,13.96
17332,13.96
17334,13.96
17336,13.96
17338,13.96
17340,14.83
17342,13.96
17344,14.42
17346,14.42
17348,14.42
17350,14.42
17352,14.42
17354,14.42
17356,13.98
17358,14.53
17360,14.53
17362,14.06
17364,14.53
17366,14.42
17368,13.96
17370,13.96
17372,13.98
17374,14.42
17376,13.96
17378,13.96
17380,14.42
17382,13.96
17384,14.42
17386,14.42
17388,14.44
17390,14.42
17392,14.42
17394,14.42
17396,14.42
17398,14.42
17400,14.42
17402,14.44
17404,14.42
17406,14.53
17408,14.53
17410,14.53
17412,14.53
17414,14.53
17416,14.49
17418,14.42
17420,14.42
17422,14.42
17424,14.42
17426,14.42
17428,14.42
17430,14.42
17432,14.42
17434,14.42
17436,14.44
17438,14.44
17440,14.42
17442,14.42
17444,14.42
17446,14.42
17448,14.44
17450,14.42
17453,14.42
17455,14.44
17457,14.44
17459,14.44
17461,14.01
17463,14.42
17465,14.42
17467,14.53
17469,14.53
17471,14.53
17473,14.53
17475,14.53
17477,14.42
17479,14.42
17481,14.42
17483,14.42
17485,14.42
17487,14.42
17489,14.42
17491,14.42
17493,14.42
17495,14.42
17497,14.42
17499,14.42
17501,14.42
17503,14.42
17505,14.42
17507,14.42
17509,14.42
17511,14.42
17513,14.42
17515,14.42
17517,14.42
17519,14.42
17521,14.42
17523,14.42
17525,14.42
17527,14.53
17529,14.53
17531,14.53
17533,14.53
17535,14.54
17537,14.42
17539,14.42
17541,14.42
17543,14.42
17545,14.42
17547,14.42
17549,14.42
17551,14.42
17553,14.42
17555,14.42
17557,14.42
17559,14.42
17561,14.42
17563,14.42
17565,14.42
17567,14.42
17569,14.42
17571,14.42
17573,14.42
17575,14.44
17577,14.44
17579,14.42
17581,14.42
17583,14.42
17585,14.44
17587,14.54
17589,14.53
17591,14.53
17593,14.53
17595,14.54
17597,14.42
17599,14.42
17602,14.42
17604,14.42
17606,14.42
17608,14.42
17610,14.42
17612,14.42
17614,14.42
17616,14.42
17618,14.42
17620,14.42
17622,14.42
17624,14.85
17626,14.42
17628,14.42
17630,14.44
17632,14.42
17634,14.42
17636,14.85
17638,14.42
17640,13.98
17642,14.42
17644,14.42
17646,14.85
17648,14.42
17650,14.85
17652,14.53
17654,14.94
17656,14.53
17658,14.53
17660,14.53
17662,14.54
17664,14.85
17666,14.42
17668,14.42
17670,14.44
17672,14.85
17674,14.85
17676,14.42
17678,14.85
17680,14.85
17682,14.85
17684,14.83
17686,14.85
17688,14.85
17690,14.85
17692,14.39
17695,14.83
17697,14.83
17699,14.85
17701,14.85
17703,14.83
17705,14.83
17707,14.85
17709,14.83
17711,14.83
17713,14.85
17715,14.85
17717,14.42
17719,14.85
17721,14.83
17723,14.83
17725,14.42
17727,14.85
17729,14.42
17731,14.83
17733,14.83
17735,14.83
17737,14.83
17739,14.83
17741,14.42
17743,14.83
17745,14.85
