Frequencies,Input,Output
100,3.27,2.44
100,3.27,3.31
100,2.89,2.63
100,2.11,1.66
100,1.79,1.70
100,2.67,3.19
100,1.80,1.37
100,2.95,3.57
100,2.02,1.69
100,2.49,2.67
100,2.37,2.39
100,2.17,2.04
100,2.64,2.96
100,1.93,1.55
100,2.87,3.40
100,1.75,1.19
100,2.67,3.04
100,2.20,2.07
100,2.32,2.33
100,2.52,2.70
100,2.04,1.78
100,2.76,3.19
100,1.84,1.36
100,2.96,3.57
100,2.03,1.69
100,2.50,2.68
100,2.38,2.41
100,2.17,2.04
100,2.65,2.96
100,1.93,1.56
100,2.86,3.39
100,1.75,1.19
100,2.68,3.05
100,2.20,2.07
100,2.33,2.34
100,2.52,2.70
100,2.05,1.79
100,2.77,3.18
100,1.84,1.37
100,2.96,3.57
100,2.03,1.70
100,2.50,2.67
100,2.37,2.40
100,2.17,2.04
100,2.64,2.96
100,1.94,1.56
100,2.87,3.39
100,1.75,1.19
100,2.68,3.06
100,2.20,2.08
100,2.32,2.34
100,2.52,2.70
100,2.05,1.79
100,2.76,3.19
100,1.84,1.37
100,2.96,3.57
100,2.03,1.70
100,2.51,2.67
100,2.38,2.41
100,2.17,2.05
100,2.64,2.96
100,1.94,1.57
100,2.86,3.39
100,1.75,1.18
100,2.68,3.05
100,2.20,2.08
100,2.32,2.34
100,2.51,2.70
100,2.05,1.79
100,2.77,3.19
100,1.84,1.37
100,2.96,3.57
100,2.03,1.69
100,2.50,2.67
100,2.37,2.40
100,2.17,2.04
100,2.64,2.96
100,1.94,1.57
100,2.87,3.39
100,1.75,1.19
100,2.68,3.05
100,2.20,2.08
100,2.32,2.35
100,2.52,2.70
100,2.04,1.79
100,2.76,3.19
100,1.84,1.38
100,2.96,3.56
100,2.03,1.70
100,2.50,2.67
100,2.37,2.41
100,2.17,2.05
100,2.65,2.96
100,1.94,1.57
100,2.87,3.39
100,1.75,1.19
100,2.68,3.05
100,2.20,2.08
100,2.33,2.34
100,2.52,2.70
100,2.05,1.79
100,2.77,3.18
100,1.84,1.38
100,2.96,3.57
100,2.03,1.70
100,2.50,2.67
100,2.38,2.41
100,2.17,2.04
100,2.65,2.96
100,1.94,1.57
100,2.87,3.38
100,1.75,1.19
100,2.68,3.05
100,2.21,2.07
100,2.33,2.35
100,2.52,2.71
100,2.05,1.79
100,2.76,3.19
100,1.84,1.37
100,2.96,3.57
100,2.03,1.70
100,2.50,2.66
100,2.37,2.40
100,2.17,2.05
100,2.65,2.96
100,1.94,1.57
100,2.87,3.39
100,1.75,1.19
100,2.68,3.06
100,2.20,2.08
100,2.32,2.34
100,2.52,2.70
100,2.05,1.79
100,2.76,3.18
100,1.83,1.38
100,2.96,3.57
100,2.03,1.69
100,2.50,2.67
100,2.37,2.40
100,2.17,2.05
100,2.65,2.96
100,1.94,1.57
100,2.86,3.38
100,1.75,1.20
100,2.68,3.04
100,2.20,2.07
100,2.33,2.34
100,2.52,2.70
100,2.05,1.79
100,2.77,3.19
100,1.84,1.38
100,2.96,3.57
100,2.03,1.69
100,2.50,2.67
100,2.37,2.40
100,2.18,2.04
100,2.65,2.96
100,1.94,1.57
100,2.87,3.40
100,1.76,1.19
100,2.68,3.05
100,2.20,2.08
100,2.33,2.34
100,2.51,2.70
100,2.05,1.79
100,2.77,3.18
100,1.84,1.37
100,2.96,3.57
100,2.03,1.70
100,2.51,2.68
100,2.38,2.41
100,2.17,2.05
100,2.65,2.96
100,1.94,1.56
100,2.87,3.39
100,1.76,1.20
100,2.68,3.06
100,2.21,2.07
100,2.33,2.34
100,2.52,2.70
100,2.05,1.79
100,2.77,3.19
100,1.84,1.36
100,2.96,3.56
100,2.03,1.70
100,2.50,2.67
100,2.37,2.40
100,2.17,2.04
100,2.65,2.97
100,1.94,1.57
100,2.87,3.39
100,1.76,1.19
100,2.69,3.06
100,2.21,2.08
100,2.33,2.34
100,2.52,2.70
100,2.04,1.79
100,2.76,3.18
100,1.84,1.37
100,2.96,3.57
100,2.03,1.70
100,2.50,2.68
100,2.38,2.41
100,2.18,2.05
100,2.65,2.96
100,1.94,1.56
100,2.87,3.39
100,1.76,1.19
100,2.67,3.05
100,2.20,2.07
100,2.32,2.35
100,2.52,2.69
100,2.05,1.79
100,2.77,3.19
100,1.84,1.37
100,2.96,3.57
100,2.03,1.69
100,2.50,2.67
100,2.38,2.41
100,2.17,2.05
100,2.65,2.96
100,1.94,1.56
100,2.87,3.38
100,1.75,1.19
100,2.69,3.06
100,2.21,2.08
100,2.33,2.33
100,2.52,2.70
100,2.05,1.79
100,2.76,3.18
100,1.84,1.37
100,2.96,3.56
100,2.03,1.70
100,2.50,2.67
100,2.38,2.41
100,2.18,2.04
100,2.65,2.96
100,1.94,1.56
100,2.87,3.39
100,1.75,1.19
100,2.68,3.06
100,2.20,2.07
100,2.33,2.34
100,2.52,2.70
100,2.05,1.79
100,2.77,3.19
100,1.84,1.37
100,2.96,3.57
100,2.03,1.69
100,2.50,2.66
100,2.38,2.41
100,2.18,2.04
100,2.65,2.96
100,1.94,1.56
100,2.87,3.38
100,1.75,1.19
100,2.69,3.06
100,2.20,2.08
100,2.33,2.35
100,2.52,2.70
100,2.04,1.79
100,2.76,3.19
100,1.84,1.37
100,2.96,3.56
100,2.03,1.70
100,2.50,2.67
100,2.38,2.40
100,2.18,2.05
100,2.65,2.96
100,1.94,1.57
100,2.87,3.39
100,1.75,1.19
100,2.68,3.05
100,2.20,2.08
100,2.32,2.34
100,2.52,2.69
100,2.05,1.79
100,2.76,3.18
100,1.84,1.37
100,2.97,3.58
100,2.03,1.70
100,2.50,2.68
100,2.38,2.41
100,2.17,2.05
100,2.64,2.96
100,1.94,1.57
100,2.86,3.38
100,1.75,1.19
100,2.68,3.05
100,2.20,2.08
100,2.33,2.34
100,2.52,2.70
100,2.05,1.79
100,2.76,3.19
100,1.83,1.36
100,2.96,3.57
100,2.03,1.69
100,2.50,2.67
100,2.37,2.41
100,2.18,2.05
100,2.65,2.95
100,1.94,1.56
100,2.87,3.39
100,1.75,1.19
100,2.68,3.06
100,2.20,2.07
100,2.33,2.34
100,2.52,2.69
100,2.04,1.79
100,2.76,3.19
100,1.84,1.37
100,2.96,3.57
100,2.04,1.69
100,2.51,2.67
100,2.38,2.40
100,2.18,2.04
100,2.65,2.96
100,1.94,1.57
100,2.87,3.39
100,1.75,1.20
100,2.68,3.05
100,2.20,2.08
100,2.33,2.35
100,2.52,2.69
100,2.05,1.79
100,2.76,3.18
100,1.83,1.37
100,2.96,3.57
100,2.03,1.70
100,2.50,2.67
100,2.37,2.40
100,2.17,2.04
100,2.64,2.96
100,1.94,1.57
100,2.87,3.39
100,1.76,1.19
100,2.68,3.05
100,2.20,2.08
100,2.32,2.34
100,2.51,2.70
100,2.05,1.79
100,2.76,3.18
100,1.84,1.37
100,2.96,3.57
100,2.03,1.70
100,2.51,2.68
100,2.38,2.41
100,2.18,2.05
100,2.65,2.96
100,1.94,1.57
100,2.86,3.38
100,1.75,1.20
100,2.68,3.05
100,2.20,2.08
100,2.32,2.34
100,2.52,2.69
100,2.05,1.79
100,2.77,3.19
100,1.84,1.37
100,2.96,3.57
100,2.03,1.69
100,2.50,2.67
100,2.37,2.41
100,2.17,2.04
100,2.65,2.96
100,1.94,1.56
100,2.87,3.40
100,1.75,1.19
100,2.69,3.06
100,2.20,2.08
100,2.33,2.34
100,2.51,2.70
100,2.04,1.78
100,2.76,3.18
100,1.84,1.37
100,2.96,3.56
100,2.03,1.69
100,2.51,2.67
100,2.38,2.41
100,2.18,2.05
100,2.65,2.96
100,1.94,1.56
100,2.87,3.39
100,1.76,1.20
100,2.68,3.05
100,2.20,2.07
100,2.33,2.34
100,2.51,2.70
100,2.04,1.80
100,2.76,3.19
100,1.84,1.37
100,2.96,3.57
100,2.03,1.70
100,2.50,2.66
100,2.38,2.40
100,2.18,2.05
100,2.64,2.95
100,1.94,1.56
100,2.87,3.38
100,1.75,1.18
100,2.68,3.05
100,2.20,2.07
100,2.32,2.34
100,2.52,2.69
100,2.05,1.79
100,2.76,3.19
100,1.84,1.37
100,2.96,3.57
100,2.03,1.70
100,2.50,2.67
100,2.37,2.40
100,2.18,2.05
100,2.65,2.96
100,1.94,1.57
100,2.87,3.39
100,1.75,1.19
100,2.68,3.05
100,2.20,2.07
100,2.32,2.34
100,2.51,2.70
100,2.04,1.80
100,2.77,3.18
100,1.84,1.37
100,2.96,3.57
100,2.03,1.70
100,2.50,2.67
100,2.38,2.41
100,2.17,2.04
100,2.64,2.96
100,1.94,1.57
100,2.86,3.39
100,1.75,1.19
100,2.68,3.05
100,2.20,2.07
100,2.32,2.35
100,2.52,2.69
100,2.05,1.79
100,2.76,3.19
100,1.84,1.36
100,2.96,3.56
100,2.03,1.70
100,2.50,2.67
100,2.38,2.41
100,2.18,2.04
100,2.65,2.96
100,1.94,1.57
100,2.87,3.38
100,1.75,1.19
100,2.68,3.05
100,2.20,2.08
100,2.33,2.34
100,2.52,2.70
100,2.04,1.80
100,2.76,3.18
100,1.84,1.37
100,2.97,3.57
100,2.03,1.69
100,2.50,2.66
100,2.38,2.40
100,2.18,2.04
100,2.64,2.96
100,1.94,1.56
100,2.86,3.38
100,1.75,1.18
100,2.67,3.04
100,2.20,2.08
100,2.33,2.34
100,2.52,2.71
100,2.05,1.79
100,2.76,3.18
100,1.84,1.38
100,2.96,3.57
100,2.03,1.70
100,2.50,2.67
100,2.38,2.41
100,2.18,2.05
100,2.65,2.96
100,1.94,1.57
100,2.87,3.40
100,1.75,1.19
100,2.68,3.06
100,2.20,2.08
100,2.32,2.34
100,2.51,2.69
100,2.04,1.79
100,2.77,3.18
100,1.84,1.36
100,2.96,3.57
100,2.04,1.69
100,2.51,2.68
100,2.38,2.41
100,2.18,2.05
100,2.65,2.95
100,1.94,1.57
100,2.86,3.39
100,1.75,1.19
100,2.68,3.06
100,2.20,2.08
100,2.32,2.34
100,2.52,2.70
100,2.05,1.79
100,2.77,3.19
100,1.84,1.37
100,2.96,3.56
100,2.03,1.70
100,2.50,2.67
100,2.37,2.41
100,2.18,2.05
100,2.65,2.95
100,1.94,1.57
100,2.87,3.39
100,1.75,1.19
100,2.68,3.05
100,2.20,2.07
100,2.32,2.34
100,2.51,2.70
100,2.05,1.79
100,2.76,3.18
100,1.84,1.37
100,2.96,3.57
100,2.03,1.69
100,2.50,2.67
100,2.38,2.41
100,2.17,2.04
100,2.65,2.96
100,1.93,1.57
100,2.86,3.39
100,1.75,1.19
100,2.67,3.05
100,2.19,2.08
100,2.33,2.34
100,2.52,2.70
100,2.05,1.79
100,2.77,3.19
100,1.84,1.36
100,2.96,3.56
100,2.03,1.69
100,2.50,2.67
100,2.38,2.40
100,2.18,2.04
100,2.65,2.96
100,1.94,1.57
100,2.87,3.40
100,1.75,1.19
100,2.68,3.06
100,2.20,2.08
100,2.32,2.34
100,2.52,2.69
100,2.04,1.79
100,2.76,3.19
100,1.84,1.37
100,2.96,3.57
100,2.04,1.69
100,2.51,2.67
100,2.38,2.40
100,2.18,2.05
100,2.65,2.96
100,1.93,1.56
100,2.86,3.39
100,1.75,1.20
100,2.68,3.06
100,2.20,2.07
100,2.32,2.34
100,2.51,2.69
100,2.05,1.79
100,2.77,3.19
100,1.84,1.37
100,2.96,3.57
100,2.03,1.69
100,2.50,2.68
100,2.38,2.40
100,2.17,2.04
100,2.65,2.95
100,1.94,1.56
100,2.86,3.39
100,1.75,1.19
100,2.68,3.06
100,2.20,2.08
100,2.32,2.34
100,2.52,2.70
100,2.05,1.78
100,2.76,3.18
100,1.84,1.37
100,2.96,3.57
100,2.03,1.70
100,2.51,2.67
100,2.37,2.41
100,2.18,2.05
100,2.65,2.96
100,1.93,1.56
100,2.87,3.39
100,1.75,1.18
100,2.67,3.04
100,2.20,2.08
100,2.32,2.34
100,2.51,2.70
100,2.05,1.80
100,2.77,3.18
100,1.84,1.38
100,2.97,3.57
100,2.03,1.70
100,2.50,2.67
100,2.37,2.40
100,2.17,2.05
100,2.64,2.95
100,1.93,1.57
100,2.86,3.38
100,1.75,1.19
100,2.68,3.06
100,2.20,2.07
100,2.33,2.34
100,2.52,2.70
100,2.05,1.78
100,2.76,3.18
100,1.84,1.36
100,2.96,3.57
100,2.03,1.70
100,2.50,2.67
100,2.37,2.40
100,2.17,2.05
100,2.65,2.96
100,1.94,1.57
100,2.86,3.39
100,1.75,1.19
100,2.67,3.06
100,2.20,2.08
100,2.32,2.34
100,2.52,2.69
100,2.05,1.79
100,2.76,3.19
100,1.84,1.38
100,2.96,3.57
100,2.03,1.69
100,2.50,2.67
100,2.38,2.40
100,2.17,2.04
100,2.64,2.96
100,1.94,1.56
100,2.86,3.38
100,1.75,1.19
100,2.68,3.06
100,2.20,2.08
100,2.33,2.34
100,2.52,2.70
100,2.05,1.79
100,2.77,3.19
100,1.84,1.37
100,2.96,3.57
100,2.04,1.69
100,2.50,2.67
100,2.38,2.40
100,2.17,2.05
100,2.64,2.95
100,1.94,1.57
100,2.87,3.39
100,1.75,1.19
100,2.67,3.04
100,2.20,2.07
100,2.32,2.34
100,2.51,2.70
100,2.04,1.78
100,2.76,3.19
100,1.84,1.38
100,2.96,3.57
100,2.03,1.70
100,2.51,2.67
100,2.37,2.41
100,2.17,2.04
100,2.65,2.95
100,1.94,1.57
100,2.86,3.38
100,1.75,1.19
100,2.68,3.05
100,2.20,2.08
100,2.33,2.34
100,2.52,2.70
100,2.05,1.79
100,2.77,3.19
100,1.84,1.36
100,2.96,3.57
100,2.03,1.70
100,2.50,2.67
100,2.37,2.40
100,2.17,2.04
100,2.65,2.96
100,1.93,1.56
100,2.87,3.39
100,1.75,1.19
100,2.68,3.06
100,2.20,2.08
100,2.32,2.34
100,2.51,2.70
100,2.05,1.79
100,2.76,3.18
100,1.84,1.38
100,2.96,3.57
100,2.04,1.69
100,2.51,2.68
100,2.38,2.40
100,2.18,2.05
100,2.65,2.96
100,1.94,1.56
100,2.86,3.39
100,1.75,1.19
100,2.67,3.06
100,2.20,2.07
100,2.33,2.33
100,2.52,2.70
100,2.05,1.80
100,2.77,3.19
100,1.84,1.36
100,2.97,3.57
100,2.03,1.70
100,2.50,2.67
100,2.37,2.40
100,2.17,2.05
100,2.65,2.95
100,1.94,1.57
100,2.86,3.38
100,1.75,1.19
100,2.67,3.05
100,2.20,2.07
100,2.32,2.34
100,2.52,2.70
100,2.05,1.79
100,2.76,3.19
100,1.84,1.37
100,2.96,3.57
100,2.03,1.70
100,2.50,2.67
100,2.38,2.40
100,2.18,2.05
100,2.65,2.96
100,1.94,1.56
100,2.87,3.38
100,1.75,1.18
100,2.68,3.05
100,2.20,2.07
100,2.32,2.34
100,2.52,2.70
100,2.05,1.79
100,2.77,3.19
100,1.84,1.38
100,2.96,3.57
100,2.03,1.70
100,2.50,2.68
100,2.37,2.41
100,2.17,2.04
100,2.64,2.95
100,1.93,1.56
100,2.86,3.39
100,1.75,1.19
100,2.68,3.06
100,2.20,2.08
100,2.32,2.34
100,2.52,2.70
100,2.05,1.79
100,2.76,3.18
100,1.84,1.37
100,2.96,3.56
100,2.03,1.70
100,2.50,2.67
100,2.37,2.40
100,2.18,2.05
100,2.65,2.96
100,1.93,1.57
100,2.87,3.39
100,1.75,1.18
100,2.68,3.05
100,2.20,2.08
100,2.32,2.33
100,2.52,2.70
100,2.05,1.79
100,2.76,3.19
100,1.84,1.37
100,2.96,3.57
100,2.03,1.70
100,2.50,2.68
100,2.37,2.41
100,2.17,2.05
100,2.65,2.96
100,1.94,1.56
100,2.86,3.39
100,1.75,1.19
100,2.67,3.04
100,2.20,2.07
100,2.33,2.34
100,2.52,2.70
100,2.05,1.79
100,2.77,3.18
100,1.84,1.37
100,2.96,3.56
100,2.03,1.70
100,2.50,2.67
100,2.37,2.41
100,2.18,2.05
100,2.64,2.96
100,1.93,1.57
100,2.86,3.40
100,1.75,1.18
100,2.68,3.05
100,2.20,2.08
100,2.32,2.33
100,2.52,2.70
100,2.05,1.79
100,2.76,3.18
100,1.84,1.38
100,2.97,3.57
100,2.03,1.70
100,2.50,2.68
100,2.37,2.40
100,2.17,2.04
100,2.65,2.95
100,1.94,1.57
100,2.86,3.38
100,1.75,1.19
100,2.68,3.05
100,2.20,2.08
100,2.33,2.34
100,2.52,2.70
100,2.05,1.79
100,2.77,3.18
100,1.84,1.37
100,2.96,3.57
100,2.03,1.70
100,2.50,2.67
100,2.37,2.40
100,2.17,2.04
100,2.64,2.96
100,1.94,1.57
100,2.87,3.39
100,1.75,1.19
100,2.68,3.06
100,2.20,2.08
100,2.32,2.34
100,2.52,2.70
100,2.04,1.80
100,2.76,3.18
100,1.84,1.37
100,2.96,3.57
100,2.03,1.69
100,2.51,2.67
100,2.38,2.41
100,2.17,2.04
100,2.64,2.96
100,1.93,1.57
100,2.86,3.38
100,1.75,1.19
100,2.68,3.04
100,2.20,2.07
100,2.33,2.34
100,2.52,2.70
100,2.04,1.79
100,2.77,3.19
100,1.84,1.37
100,2.96,3.57
100,2.03,1.70
100,2.50,2.67
100,2.37,2.40
100,2.17,2.04
100,2.64,2.96
100,1.93,1.57
100,2.87,3.40
100,1.75,1.19
100,2.68,3.05
100,2.20,2.08
100,2.32,2.33
100,2.52,2.70
100,2.05,1.78
100,2.76,3.18
100,1.84,1.37
100,2.96,3.57
100,2.03,1.69
100,2.51,2.68
100,2.38,2.41
100,2.17,2.05
100,2.64,2.96
100,1.93,1.57
100,2.87,3.39
100,1.75,1.19
100,2.68,3.05
100,2.20,2.08
100,2.33,2.34
100,2.52,2.70
100,2.05,1.79
100,2.77,3.19
100,1.84,1.37
100,2.96,3.57
100,2.03,1.70
100,2.50,2.67
100,2.37,2.40
100,2.17,2.05
100,2.64,2.96
100,1.93,1.56
100,2.86,3.39
100,1.75,1.19
100,2.69,3.06
100,2.20,2.08
100,2.33,2.33
100,2.52,2.69
100,2.04,1.79
100,2.76,3.18
100,1.84,1.37
100,2.96,3.56
100,2.03,1.70
100,2.50,2.67
100,2.37,2.40
100,2.17,2.05
100,2.65,2.96
100,1.94,1.57
100,2.86,3.38
100,1.75,1.19
100,2.67,3.05
100,2.20,2.08
100,2.33,2.34
100,2.52,2.70
100,2.05,1.79
100,2.77,3.19
100,1.84,1.37
100,2.96,3.57
100,2.03,1.70
100,2.50,2.67
100,2.37,2.40
100,2.17,2.04
100,2.64,2.96
100,1.94,1.57
100,2.87,3.38
100,1.76,1.19
100,2.69,3.05
100,2.20,2.08
100,2.33,2.35
100,2.52,2.70
100,2.05,1.79
100,2.76,3.19
100,1.84,1.38
100,2.96,3.57
100,2.03,1.69
100,2.50,2.68
100,2.37,2.40
100,2.18,2.05
100,2.65,2.96
100,1.93,1.57
100,2.86,3.39
100,1.75,1.19
100,2.68,3.05
100,2.20,2.08
100,2.33,2.34
100,2.52,2.69
100,2.05,1.80
100,2.77,3.18
100,1.84,1.37
100,2.97,3.57
100,2.03,1.70
100,2.50,2.67
100,2.37,2.40
100,2.17,2.04
100,2.64,2.96
100,1.94,1.56
100,2.86,3.39
100,1.75,1.19
100,2.68,3.06
100,2.20,2.08
100,2.33,2.35
100,2.52,2.71
100,2.04,1.79
100,2.76,3.18
100,1.84,1.38
100,2.96,3.56
100,2.03,1.69
100,2.50,2.67
100,2.37,2.40
100,2.18,2.04
100,2.65,2.96
100,1.94,1.56
100,2.87,3.39
100,1.75,1.19
100,2.67,3.04
100,2.20,2.08
100,2.32,2.33
100,2.51,2.70
100,2.05,1.80
100,2.76,3.18
100,1.84,1.37
100,2.96,3.57
100,2.03,1.70
100,2.50,2.68
100,2.38,2.40
100,2.18,2.05
100,2.65,2.96
100,1.94,1.57
100,2.86,3.38
100,1.76,1.20
100,2.68,3.06
100,2.20,2.08
100,2.33,2.35
100,2.52,2.70
100,2.05,1.79
100,2.76,3.19
100,1.83,1.37
100,2.96,3.57
200,2.64,2.82
200,2.26,2.05
200,2.38,2.51
200,2.41,2.38
200,2.19,2.17
200,2.25,2.23
200,2.07,1.94
200,1.85,1.70
200,2.00,2.16
200,2.27,2.50
200,2.55,2.79
200,2.81,3.04
200,2.67,2.57
200,2.41,2.23
200,2.13,1.95
200,1.87,1.70
200,2.00,2.16
200,2.27,2.50
200,2.55,2.78
200,2.82,3.04
200,2.68,2.58
200,2.41,2.23
200,2.13,1.95
200,1.87,1.69
200,2.00,2.16
200,2.27,2.50
200,2.55,2.78
200,2.81,3.04
200,2.67,2.57
200,2.41,2.23
200,2.13,1.95
200,1.88,1.70
200,2.01,2.17
200,2.27,2.50
200,2.55,2.79
200,2.81,3.04
200,2.67,2.57
200,2.41,2.23
200,2.13,1.95
200,1.87,1.69
200,2.01,2.17
200,2.27,2.50
200,2.55,2.78
200,2.81,3.04
200,2.67,2.57
200,2.40,2.23
200,2.13,1.95
200,1.87,1.69
200,2.00,2.16
200,2.27,2.49
200,2.55,2.79
200,2.81,3.04
200,2.67,2.56
200,2.41,2.24
200,2.14,1.95
200,1.87,1.70
200,2.01,2.16
200,2.27,2.50
200,2.55,2.77
200,2.81,3.04
200,2.67,2.57
200,2.41,2.23
200,2.13,1.95
200,1.88,1.70
200,2.01,2.16
200,2.27,2.50
200,2.55,2.78
200,2.81,3.04
200,2.67,2.57
200,2.41,2.23
200,2.13,1.95
200,1.87,1.70
200,2.01,2.16
200,2.27,2.50
200,2.55,2.79
200,2.81,3.04
200,2.67,2.57
200,2.41,2.24
200,2.13,1.95
200,1.87,1.69
200,2.00,2.16
200,2.27,2.49
200,2.55,2.78
200,2.81,3.04
200,2.67,2.57
200,2.41,2.24
200,2.13,1.96
200,1.88,1.70
200,2.01,2.16
200,2.27,2.49
200,2.55,2.79
200,2.81,3.04
200,2.67,2.57
200,2.41,2.23
200,2.13,1.95
200,1.87,1.70
200,2.01,2.16
200,2.27,2.50
200,2.55,2.79
200,2.81,3.04
200,2.67,2.57
200,2.40,2.23
200,2.13,1.95
200,1.88,1.70
200,2.01,2.16
200,2.27,2.49
200,2.55,2.78
200,2.81,3.03
200,2.67,2.57
200,2.41,2.24
200,2.13,1.95
200,1.87,1.69
200,2.01,2.16
200,2.27,2.50
200,2.55,2.79
200,2.81,3.04
200,2.67,2.57
200,2.41,2.24
200,2.14,1.95
200,1.87,1.70
200,2.01,2.16
200,2.27,2.49
200,2.54,2.78
200,2.81,3.04
200,2.67,2.56
200,2.41,2.23
200,2.13,1.95
200,1.87,1.70
200,2.01,2.16
200,2.27,2.50
200,2.55,2.78
200,2.82,3.05
200,2.67,2.56
200,2.41,2.24
200,2.13,1.95
200,1.87,1.70
200,2.00,2.17
200,2.27,2.50
200,2.55,2.78
200,2.81,3.03
200,2.67,2.57
200,2.41,2.23
200,2.14,1.95
200,1.87,1.69
200,2.00,2.16
200,2.27,2.50
200,2.54,2.78
200,2.81,3.04
200,2.67,2.57
200,2.41,2.23
200,2.14,1.95
200,1.88,1.70
200,2.01,2.16
200,2.27,2.50
200,2.55,2.78
200,2.81,3.03
200,2.67,2.57
200,2.41,2.23
200,2.13,1.95
200,1.87,1.69
200,2.01,2.16
200,2.27,2.49
200,2.55,2.78
200,2.82,3.04
200,2.68,2.58
200,2.41,2.24
200,2.14,1.95
200,1.87,1.70
200,2.01,2.16
200,2.27,2.50
200,2.55,2.78
200,2.81,3.04
200,2.67,2.57
200,2.41,2.23
200,2.14,1.96
200,1.88,1.70
200,2.01,2.17
200,2.27,2.50
200,2.55,2.78
200,2.81,3.04
200,2.67,2.57
200,2.40,2.23
200,2.13,1.95
200,1.87,1.70
200,2.01,2.16
200,2.27,2.49
200,2.55,2.79
200,2.81,3.04
200,2.67,2.57
200,2.40,2.24
200,2.13,1.95
200,1.87,1.69
200,2.00,2.16
200,2.27,2.50
200,2.55,2.78
200,2.82,3.04
200,2.67,2.58
200,2.41,2.23
200,2.14,1.95
200,1.88,1.70
200,2.01,2.16
200,2.27,2.49
200,2.55,2.78
200,2.81,3.04
200,2.67,2.57
200,2.41,2.23
200,2.13,1.95
200,1.88,1.70
200,2.01,2.16
200,2.27,2.49
200,2.55,2.78
200,2.81,3.04
200,2.67,2.58
200,2.41,2.23
200,2.13,1.95
200,1.88,1.69
200,2.00,2.16
200,2.27,2.50
200,2.55,2.79
200,2.81,3.04
200,2.67,2.57
200,2.41,2.23
200,2.13,1.95
200,1.87,1.70
200,2.00,2.16
200,2.27,2.49
200,2.55,2.79
200,2.81,3.04
200,2.67,2.57
200,2.41,2.23
200,2.13,1.96
200,1.87,1.69
200,2.00,2.16
200,2.27,2.49
200,2.55,2.78
200,2.81,3.03
200,2.67,2.57
200,2.40,2.23
200,2.13,1.95
200,1.87,1.69
200,2.01,2.17
200,2.27,2.50
200,2.55,2.78
200,2.82,3.03
200,2.67,2.57
200,2.40,2.24
200,2.13,1.95
200,1.87,1.70
200,2.01,2.17
200,2.27,2.50
200,2.55,2.78
200,2.81,3.03
200,2.67,2.58
200,2.41,2.24
200,2.14,1.95
200,1.87,1.69
200,2.01,2.16
200,2.27,2.50
200,2.55,2.79
200,2.81,3.04
200,2.67,2.56
200,2.41,2.24
200,2.14,1.95
200,1.87,1.70
200,2.01,2.16
200,2.27,2.49
200,2.55,2.78
200,2.81,3.04
200,2.67,2.57
200,2.40,2.23
200,2.13,1.95
200,1.87,1.70
200,2.01,2.16
200,2.27,2.49
200,2.55,2.78
200,2.82,3.04
200,2.67,2.58
200,2.41,2.23
200,2.13,1.95
200,1.88,1.70
200,2.01,2.16
200,2.27,2.50
200,2.55,2.78
200,2.81,3.03
200,2.68,2.57
200,2.41,2.24
200,2.13,1.95
200,1.87,1.70
200,2.00,2.16
200,2.27,2.49
200,2.55,2.79
200,2.81,3.04
200,2.67,2.56
200,2.41,2.23
200,2.14,1.95
200,1.88,1.70
200,2.01,2.16
200,2.27,2.50
200,2.55,2.78
200,2.81,3.04
200,2.67,2.57
200,2.41,2.23
200,2.13,1.95
200,1.87,1.70
200,2.01,2.16
200,2.27,2.50
200,2.55,2.79
200,2.81,3.05
200,2.67,2.58
200,2.41,2.23
200,2.13,1.95
200,1.87,1.70
200,2.00,2.17
200,2.27,2.50
200,2.55,2.79
200,2.81,3.04
200,2.67,2.57
200,2.41,2.24
200,2.14,1.96
200,1.88,1.70
200,2.01,2.16
200,2.27,2.49
200,2.55,2.78
200,2.81,3.04
200,2.67,2.57
200,2.41,2.23
200,2.13,1.95
200,1.87,1.70
200,2.01,2.16
200,2.27,2.50
200,2.55,2.78
200,2.81,3.03
200,2.67,2.57
200,2.41,2.24
200,2.13,1.95
200,1.87,1.69
200,2.01,2.16
200,2.27,2.49
200,2.55,2.78
200,2.81,3.04
200,2.68,2.58
200,2.41,2.23
200,2.13,1.94
200,1.87,1.70
200,2.00,2.16
200,2.27,2.50
200,2.55,2.78
200,2.81,3.04
200,2.67,2.57
200,2.41,2.24
200,2.14,1.95
200,1.88,1.70
200,2.01,2.16
200,2.27,2.50
200,2.55,2.78
200,2.82,3.03
200,2.67,2.58
200,2.41,2.23
200,2.14,1.96
200,1.87,1.70
200,2.00,2.16
200,2.27,2.50
200,2.55,2.78
200,2.81,3.04
200,2.67,2.57
200,2.40,2.24
200,2.13,1.95
200,1.87,1.69
200,2.01,2.16
200,2.27,2.50
200,2.55,2.79
200,2.81,3.04
200,2.67,2.57
200,2.41,2.24
200,2.14,1.96
200,1.87,1.69
200,2.00,2.17
200,2.27,2.49
200,2.54,2.78
200,2.81,3.04
200,2.67,2.57
200,2.41,2.24
200,2.13,1.95
200,1.87,1.70
200,2.01,2.17
200,2.27,2.50
200,2.55,2.79
200,2.82,3.04
200,2.67,2.58
200,2.40,2.24
200,2.13,1.95
200,1.87,1.69
200,2.00,2.16
200,2.27,2.50
200,2.55,2.78
200,2.82,3.04
200,2.68,2.57
200,2.41,2.24
200,2.13,1.95
200,1.87,1.69
200,2.01,2.16
200,2.27,2.50
200,2.55,2.78
200,2.81,3.04
200,2.67,2.57
200,2.41,2.24
200,2.13,1.95
200,1.87,1.70
200,2.00,2.16
200,2.27,2.49
200,2.54,2.79
200,2.81,3.04
200,2.67,2.57
200,2.41,2.23
200,2.13,1.95
200,1.87,1.70
200,2.01,2.16
200,2.27,2.50
200,2.55,2.79
200,2.81,3.04
200,2.67,2.57
200,2.41,2.23
200,2.14,1.95
200,1.87,1.69
200,2.00,2.16
200,2.27,2.50
200,2.55,2.78
200,2.81,3.04
200,2.67,2.57
200,2.41,2.24
200,2.13,1.95
200,1.87,1.69
200,2.01,2.17
200,2.27,2.49
200,2.55,2.79
200,2.82,3.04
200,2.67,2.57
200,2.41,2.23
200,2.13,1.95
200,1.87,1.71
200,2.01,2.17
200,2.27,2.49
200,2.55,2.79
200,2.81,3.04
200,2.67,2.58
200,2.40,2.24
200,2.13,1.94
200,1.87,1.70
200,2.01,2.17
200,2.27,2.50
200,2.55,2.78
200,2.81,3.03
200,2.67,2.57
200,2.41,2.23
200,2.13,1.95
200,1.87,1.70
200,2.00,2.16
200,2.26,2.50
200,2.55,2.78
200,2.81,3.04
200,2.67,2.57
200,2.41,2.24
200,2.13,1.95
200,1.87,1.69
200,2.00,2.16
200,2.27,2.49
200,2.54,2.79
200,2.81,3.03
200,2.67,2.57
200,2.41,2.22
200,2.13,1.95
200,1.87,1.70
200,2.01,2.17
200,2.27,2.50
200,2.55,2.78
200,2.81,3.03
200,2.67,2.57
200,2.41,2.24
200,2.13,1.95
200,1.87,1.69
200,2.01,2.16
200,2.27,2.50
200,2.55,2.78
200,2.81,3.04
200,2.67,2.57
200,2.41,2.22
200,2.13,1.96
200,1.87,1.69
200,2.00,2.16
200,2.27,2.49
200,2.55,2.78
200,2.81,3.03
200,2.67,2.56
200,2.41,2.24
200,2.14,1.95
200,1.88,1.70
200,2.01,2.17
200,2.27,2.49
200,2.54,2.78
200,2.81,3.03
200,2.67,2.57
200,2.41,2.23
200,2.13,1.95
200,1.87,1.70
200,2.00,2.16
200,2.27,2.50
200,2.55,2.79
200,2.81,3.04
200,2.67,2.57
200,2.41,2.23
200,2.14,1.95
200,1.87,1.69
200,2.00,2.16
200,2.27,2.50
200,2.55,2.78
200,2.82,3.04
200,2.67,2.56
200,2.41,2.24
200,2.13,1.95
200,1.87,1.70
200,2.00,2.16
200,2.27,2.50
200,2.55,2.78
200,2.81,3.04
200,2.67,2.58
200,2.41,2.23
200,2.13,1.95
200,1.88,1.70
200,2.01,2.16
200,2.27,2.50
200,2.55,2.78
200,2.81,3.04
200,2.67,2.58
200,2.40,2.24
200,2.13,1.94
200,1.87,1.70
200,2.01,2.16
200,2.27,2.49
200,2.55,2.78
200,2.81,3.04
200,2.67,2.57
200,2.41,2.24
200,2.13,1.94
200,1.87,1.69
200,2.00,2.16
200,2.27,2.50
200,2.55,2.79
200,2.81,3.04
200,2.67,2.56
200,2.41,2.24
200,2.14,1.96
200,1.88,1.70
200,2.01,2.16
200,2.27,2.50
200,2.55,2.78
200,2.81,3.04
200,2.67,2.57
200,2.41,2.23
200,2.13,1.95
200,1.87,1.70
200,2.01,2.16
200,2.27,2.50
200,2.55,2.78
200,2.81,3.04
200,2.67,2.58
200,2.41,2.23
200,2.13,1.95
200,1.87,1.69
200,2.01,2.17
200,2.27,2.50
200,2.55,2.78
200,2.82,3.04
200,2.68,2.57
200,2.41,2.23
200,2.14,1.95
200,1.87,1.69
200,2.00,2.16
200,2.27,2.50
200,2.55,2.78
200,2.81,3.04
200,2.67,2.56
200,2.41,2.24
200,2.13,1.96
200,1.87,1.69
200,2.00,2.16
200,2.27,2.49
200,2.55,2.78
200,2.81,3.04
200,2.67,2.56
200,2.41,2.23
200,2.14,1.94
200,1.87,1.70
200,2.01,2.16
200,2.27,2.50
200,2.55,2.79
200,2.81,3.04
200,2.67,2.57
200,2.41,2.24
200,2.13,1.95
200,1.87,1.69
200,2.00,2.16
200,2.27,2.49
200,2.55,2.78
200,2.82,3.04
200,2.68,2.57
200,2.41,2.24
200,2.14,1.95
200,1.87,1.70
200,2.00,2.16
200,2.27,2.49
200,2.55,2.79
200,2.81,3.03
200,2.67,2.57
200,2.40,2.23
200,2.14,1.95
200,1.88,1.70
200,2.01,2.17
200,2.27,2.49
200,2.54,2.78
200,2.81,3.04
200,2.67,2.57
200,2.41,2.23
200,2.13,1.95
200,1.87,1.70
200,2.01,2.16
200,2.27,2.50
200,2.55,2.79
200,2.81,3.04
200,2.67,2.57
200,2.41,2.23
200,2.13,1.96
200,1.87,1.69
200,2.01,2.15
200,2.27,2.50
200,2.55,2.79
200,2.81,3.04
200,2.67,2.57
200,2.41,2.23
200,2.14,1.95
200,1.87,1.69
200,2.01,2.16
200,2.27,2.49
200,2.55,2.78
200,2.81,3.04
200,2.67,2.56
200,2.41,2.23
200,2.13,1.95
200,1.87,1.69
200,2.01,2.16
200,2.27,2.49
200,2.55,2.78
200,2.81,3.04
200,2.67,2.57
200,2.41,2.24
200,2.14,1.95
200,1.87,1.69
200,2.01,2.16
200,2.27,2.50
200,2.55,2.78
200,2.81,3.04
200,2.67,2.58
200,2.41,2.24
200,2.13,1.95
200,1.87,1.70
200,2.00,2.16
200,2.27,2.49
200,2.55,2.78
200,2.81,3.03
200,2.67,2.57
200,2.41,2.24
200,2.14,1.95
200,1.87,1.71
200,2.01,2.16
200,2.27,2.50
200,2.55,2.78
200,2.81,3.03
200,2.67,2.57
200,2.40,2.23
200,2.13,1.95
200,1.87,1.69
200,2.00,2.16
200,2.27,2.50
200,2.55,2.79
200,2.82,3.03
200,2.68,2.57
200,2.41,2.23
200,2.14,1.95
200,1.87,1.69
200,2.01,2.16
200,2.27,2.49
200,2.55,2.78
200,2.81,3.04
200,2.67,2.57
200,2.41,2.23
200,2.13,1.95
200,1.87,1.70
200,2.01,2.16
200,2.27,2.50
200,2.55,2.78
200,2.81,3.04
200,2.67,2.57
200,2.41,2.23
200,2.13,1.96
200,1.87,1.70
200,2.01,2.16
200,2.27,2.49
200,2.55,2.79
200,2.81,3.04
200,2.67,2.57
200,2.40,2.23
200,2.13,1.95
200,1.88,1.69
200,2.01,2.17
200,2.27,2.49
200,2.55,2.79
200,2.82,3.04
200,2.67,2.56
200,2.41,2.23
200,2.13,1.95
200,1.87,1.69
200,2.00,2.16
200,2.27,2.50
200,2.55,2.78
200,2.81,3.04
200,2.67,2.57
200,2.41,2.23
200,2.13,1.96
200,1.87,1.69
200,2.01,2.16
200,2.27,2.50
200,2.55,2.78
200,2.81,3.03
200,2.67,2.57
200,2.41,2.23
200,2.14,1.95
200,1.88,1.70
200,2.01,2.17
200,2.27,2.50
200,2.55,2.78
200,2.81,3.03
200,2.67,2.57
200,2.41,2.23
200,2.13,1.95
200,1.87,1.69
200,2.01,2.16
200,2.27,2.50
200,2.55,2.78
200,2.82,3.04
200,2.68,2.57
200,2.40,2.24
200,2.13,1.95
200,1.87,1.69
200,2.00,2.16
200,2.27,2.49
200,2.54,2.78
200,2.81,3.04
200,2.67,2.56
200,2.41,2.24
200,2.13,1.96
200,1.88,1.70
200,2.01,2.17
200,2.27,2.50
200,2.55,2.79
200,2.82,3.04
200,2.67,2.57
200,2.41,2.24
200,2.13,1.95
200,1.87,1.70
200,2.01,2.16
200,2.27,2.50
200,2.55,2.78
200,2.81,3.04
200,2.67,2.57
200,2.41,2.23
200,2.13,1.95
200,1.87,1.69
200,2.01,2.16
200,2.27,2.50
200,2.55,2.78
200,2.81,3.04
200,2.67,2.57
200,2.41,2.23
200,2.13,1.95
200,1.87,1.69
200,2.00,2.16
200,2.27,2.49
200,2.54,2.78
200,2.81,3.04
200,2.67,2.57
200,2.41,2.23
200,2.13,1.95
200,1.87,1.70
200,2.01,2.16
200,2.27,2.50
200,2.55,2.79
200,2.81,3.04
200,2.67,2.57
200,2.41,2.23
200,2.13,1.96
200,1.87,1.70
200,2.00,2.16
200,2.27,2.50
200,2.55,2.79
200,2.81,3.04
200,2.67,2.57
200,2.40,2.24
200,2.14,1.95
200,1.87,1.69
200,2.00,2.16
200,2.27,2.50
200,2.55,2.79
200,2.81,3.04
200,2.67,2.57
200,2.41,2.24
200,2.14,1.95
200,1.87,1.70
200,2.00,2.17
200,2.26,2.49
200,2.54,2.78
200,2.81,3.04
200,2.67,2.57
200,2.41,2.23
200,2.13,1.95
200,1.87,1.70
200,2.01,2.16
200,2.27,2.50
200,2.55,2.79
200,2.81,3.04
200,2.67,2.57
200,2.41,2.24
200,2.13,1.95
200,1.87,1.69
200,2.00,2.16
200,2.27,2.50
200,2.54,2.78
200,2.81,3.04
200,2.67,2.58
200,2.41,2.24
200,2.13,1.96
200,1.87,1.69
200,2.00,2.16
200,2.27,2.49
200,2.55,2.79
200,2.81,3.04
200,2.67,2.57
200,2.41,2.23
200,2.13,1.95
200,1.87,1.70
200,2.01,2.16
200,2.27,2.50
200,2.55,2.79
200,2.81,3.04
200,2.67,2.58
200,2.41,2.23
200,2.13,1.95
200,1.88,1.69
200,2.01,2.17
200,2.27,2.49
200,2.55,2.78
200,2.81,3.03
200,2.67,2.57
200,2.40,2.24
200,2.13,1.94
200,1.87,1.70
200,2.00,2.16
200,2.27,2.50
200,2.55,2.78
200,2.81,3.04
200,2.67,2.57
200,2.41,2.23
200,2.14,1.96
200,1.87,1.69
200,2.01,2.16
200,2.27,2.49
200,2.55,2.78
200,2.81,3.04
200,2.67,2.56
200,2.40,2.23
200,2.13,1.95
200,1.88,1.70
200,2.01,2.17
200,2.27,2.50
200,2.55,2.79
200,2.81,3.04
200,2.67,2.57
200,2.41,2.23
200,2.13,1.95
200,1.87,1.69
200,2.01,2.16
200,2.27,2.50
200,2.55,2.78
200,2.81,3.04
200,2.67,2.58
200,2.41,2.24
200,2.13,1.96
200,1.87,1.70
200,2.00,2.16
200,2.27,2.50
200,2.55,2.78
200,2.82,3.04
200,2.67,2.57
200,2.41,2.24
200,2.14,1.95
200,1.88,1.70
200,2.01,2.16
200,2.27,2.50
200,2.54,2.78
200,2.81,3.04
200,2.67,2.57
200,2.40,2.22
200,2.13,1.95
200,1.87,1.70
200,2.00,2.16
200,2.27,2.50
200,2.55,2.78
200,2.81,3.03
200,2.67,2.57
200,2.41,2.23
200,2.13,1.95
200,1.88,1.70
200,2.01,2.16
200,2.27,2.50
200,2.55,2.78
200,2.81,3.04
200,2.67,2.58
200,2.41,2.23
200,2.13,1.96
200,1.87,1.69
200,2.00,2.15
200,2.27,2.50
200,2.55,2.78
200,2.81,3.04
200,2.67,2.57
200,2.41,2.24
200,2.14,1.96
200,1.88,1.70
200,2.01,2.16
200,2.27,2.49
200,2.55,2.78
200,2.81,3.04
200,2.67,2.57
200,2.40,2.23
200,2.13,1.95
200,1.87,1.70
200,2.01,2.16
200,2.27,2.49
200,2.55,2.78
200,2.82,3.04
200,2.67,2.56
200,2.40,2.24
200,2.13,1.95
200,1.87,1.70
200,2.01,2.16
200,2.27,2.49
200,2.55,2.78
200,2.81,3.04
200,2.67,2.58
200,2.41,2.25
200,2.13,1.95
200,1.87,1.70
200,2.01,2.15
200,2.27,2.49
200,2.55,2.79
200,2.81,3.04
200,2.67,2.57
200,2.41,2.23
200,2.13,1.95
200,1.87,1.70
200,2.01,2.16
200,2.27,2.50
200,2.54,2.79
200,2.81,3.04
200,2.67,2.57
200,2.41,2.23
200,2.13,1.95
200,1.87,1.70
200,2.00,2.16
200,2.27,2.49
200,2.55,2.79
200,2.81,3.04
200,2.68,2.58
200,2.41,2.24
200,2.13,1.95
200,1.87,1.69
200,2.00,2.16
200,2.26,2.50
200,2.55,2.78
200,2.81,3.04
200,2.67,2.57
200,2.41,2.24
200,2.13,1.96
200,1.87,1.70
200,2.00,2.16
200,2.27,2.49
200,2.55,2.78
200,2.81,3.04
200,2.67,2.57
200,2.41,2.23
200,2.14,1.95
200,1.88,1.69
300,2.37,2.49
300,2.39,2.49
300,2.14,1.98
300,2.47,2.58
300,2.38,2.42
300,2.27,2.31
300,2.18,2.10
300,2.61,2.68
300,2.41,2.42
300,2.17,2.00
300,2.45,2.53
300,2.43,2.52
300,2.11,1.92
300,2.35,2.41
300,2.47,2.62
300,2.06,2.05
300,2.26,2.31
300,2.51,2.72
300,2.22,2.19
300,2.24,2.20
300,2.56,2.81
300,2.32,2.31
300,2.20,2.10
300,2.61,2.68
300,2.41,2.41
300,2.17,2.01
300,2.46,2.54
300,2.44,2.52
300,2.11,1.92
300,2.36,2.42
300,2.47,2.61
300,2.06,2.04
300,2.26,2.31
300,2.51,2.72
300,2.21,2.18
300,2.23,2.20
300,2.57,2.81
300,2.33,2.31
300,2.20,2.11
300,2.61,2.68
300,2.41,2.41
300,2.17,2.00
300,2.45,2.54
300,2.44,2.51
300,2.11,1.91
300,2.35,2.41
300,2.48,2.62
300,2.06,2.04
300,2.26,2.31
300,2.51,2.73
300,2.21,2.19
300,2.23,2.19
300,2.57,2.81
300,2.32,2.31
300,2.19,2.10
300,2.61,2.68
300,2.41,2.41
300,2.17,2.00
300,2.45,2.53
300,2.44,2.53
300,2.12,1.92
300,2.36,2.41
300,2.47,2.62
300,2.06,2.04
300,2.26,2.30
300,2.51,2.71
300,2.21,2.18
300,2.23,2.20
300,2.57,2.81
300,2.32,2.31
300,2.20,2.11
300,2.61,2.69
300,2.42,2.41
300,2.17,2.01
300,2.45,2.53
300,2.43,2.52
300,2.11,1.91
300,2.35,2.41
300,2.47,2.62
300,2.06,2.04
300,2.26,2.31
300,2.51,2.72
300,2.22,2.18
300,2.24,2.20
300,2.56,2.81
300,2.32,2.31
300,2.20,2.11
300,2.61,2.69
300,2.41,2.41
300,2.17,2.01
300,2.46,2.53
300,2.44,2.52
300,2.12,1.92
300,2.36,2.41
300,2.47,2.62
300,2.06,2.04
300,2.25,2.31
300,2.51,2.72
300,2.21,2.19
300,2.23,2.19
300,2.56,2.81
300,2.32,2.31
300,2.20,2.11
300,2.61,2.68
300,2.42,2.42
300,2.17,2.00
300,2.45,2.53
300,2.43,2.52
300,2.11,1.91
300,2.35,2.41
300,2.47,2.62
300,2.06,2.04
300,2.26,2.30
300,2.51,2.72
300,2.22,2.18
300,2.24,2.21
300,2.57,2.82
300,2.32,2.31
300,2.20,2.10
300,2.61,2.68
300,2.41,2.41
300,2.17,2.01
300,2.45,2.53
300,2.43,2.52
300,2.11,1.92
300,2.35,2.41
300,2.47,2.62
300,2.06,2.05
300,2.26,2.30
300,2.50,2.72
300,2.21,2.18
300,2.23,2.20
300,2.56,2.81
300,2.32,2.31
300,2.20,2.11
300,2.61,2.69
300,2.42,2.42
300,2.17,2.00
300,2.46,2.54
300,2.44,2.51
300,2.11,1.91
300,2.35,2.41
300,2.47,2.62
300,2.06,2.04
300,2.26,2.30
300,2.51,2.72
300,2.22,2.18
300,2.24,2.20
300,2.57,2.81
300,2.32,2.31
300,2.19,2.11
300,2.61,2.68
300,2.41,2.41
300,2.17,2.00
300,2.45,2.53
300,2.43,2.52
300,2.11,1.92
300,2.35,2.41
300,2.47,2.62
300,2.06,2.05
300,2.26,2.31
300,2.51,2.72
300,2.21,2.19
300,2.24,2.20
300,2.57,2.82
300,2.32,2.30
300,2.19,2.11
300,2.61,2.69
300,2.41,2.42
300,2.17,2.00
300,2.45,2.54
300,2.43,2.52
300,2.11,1.92
300,2.35,2.41
300,2.47,2.63
300,2.06,2.04
300,2.26,2.31
300,2.51,2.72
300,2.21,2.18
300,2.23,2.19
300,2.57,2.82
300,2.32,2.31
300,2.20,2.11
300,2.61,2.68
300,2.41,2.42
300,2.17,1.99
300,2.46,2.54
300,2.43,2.52
300,2.11,1.92
300,2.35,2.42
300,2.47,2.62
300,2.06,2.05
300,2.26,2.31
300,2.51,2.73
300,2.22,2.19
300,2.24,2.20
300,2.57,2.81
300,2.32,2.31
300,2.20,2.10
300,2.61,2.68
300,2.41,2.42
300,2.17,2.01
300,2.45,2.53
300,2.44,2.53
300,2.12,1.92
300,2.36,2.41
300,2.47,2.61
300,2.06,2.04
300,2.26,2.30
300,2.51,2.72
300,2.21,2.19
300,2.23,2.19
300,2.57,2.81
300,2.33,2.32
300,2.20,2.10
300,2.61,2.69
300,2.41,2.42
300,2.17,2.00
300,2.45,2.53
300,2.43,2.53
300,2.11,1.92
300,2.35,2.40
300,2.47,2.62
300,2.06,2.03
300,2.26,2.31
300,2.51,2.72
300,2.22,2.18
300,2.23,2.19
300,2.57,2.80
300,2.32,2.31
300,2.20,2.09
300,2.61,2.69
300,2.41,2.42
300,2.17,2.00
300,2.45,2.53
300,2.44,2.53
300,2.12,1.92
300,2.36,2.41
300,2.47,2.62
300,2.06,2.03
300,2.26,2.31
300,2.51,2.72
300,2.21,2.18
300,2.23,2.19
300,2.57,2.81
300,2.32,2.31
300,2.20,2.11
300,2.61,2.68
300,2.41,2.42
300,2.17,2.01
300,2.45,2.53
300,2.43,2.53
300,2.11,1.92
300,2.35,2.41
300,2.47,2.61
300,2.06,2.04
300,2.26,2.31
300,2.50,2.72
300,2.22,2.19
300,2.24,2.21
300,2.57,2.81
300,2.32,2.31
300,2.20,2.10
300,2.61,2.69
300,2.41,2.41
300,2.17,2.00
300,2.45,2.54
300,2.44,2.52
300,2.11,1.92
300,2.35,2.41
300,2.47,2.62
300,2.06,2.04
300,2.26,2.31
300,2.50,2.72
300,2.21,2.19
300,2.23,2.20
300,2.56,2.81
300,2.32,2.31
300,2.20,2.11
300,2.61,2.68
300,2.42,2.42
300,2.17,2.00
300,2.46,2.53
300,2.44,2.53
300,2.11,1.92
300,2.35,2.41
300,2.47,2.62
300,2.05,2.04
300,2.25,2.31
300,2.51,2.72
300,2.21,2.18
300,2.24,2.20
300,2.57,2.82
300,2.32,2.31
300,2.20,2.10
300,2.61,2.68
300,2.41,2.42
300,2.17,2.00
300,2.45,2.53
300,2.43,2.52
300,2.11,1.91
300,2.35,2.41
300,2.47,2.62
300,2.06,2.05
300,2.26,2.30
300,2.51,2.72
300,2.21,2.18
300,2.23,2.20
300,2.57,2.81
300,2.32,2.30
300,2.20,2.11
300,2.61,2.69
300,2.42,2.42
300,2.17,2.01
300,2.46,2.54
300,2.43,2.53
300,2.11,1.92
300,2.35,2.41
300,2.47,2.61
300,2.06,2.04
300,2.25,2.30
300,2.50,2.72
300,2.21,2.19
300,2.23,2.20
300,2.57,2.82
300,2.32,2.32
300,2.20,2.11
300,2.61,2.69
300,2.41,2.42
300,2.17,2.01
300,2.45,2.53
300,2.43,2.52
300,2.11,1.92
300,2.35,2.41
300,2.47,2.62
300,2.06,2.04
300,2.26,2.31
300,2.51,2.72
300,2.21,2.18
300,2.23,2.20
300,2.56,2.81
300,2.32,2.31
300,2.20,2.10
300,2.61,2.69
300,2.42,2.41
300,2.17,2.01
300,2.46,2.54
300,2.44,2.52
300,2.11,1.91
300,2.35,2.41
300,2.47,2.61
300,2.06,2.04
300,2.25,2.30
300,2.50,2.71
300,2.21,2.18
300,2.24,2.19
300,2.57,2.81
300,2.33,2.31
300,2.20,2.10
300,2.61,2.69
300,2.41,2.41
300,2.17,2.00
300,2.46,2.54
300,2.44,2.52
300,2.11,1.91
300,2.35,2.41
300,2.47,2.62
300,2.06,2.04
300,2.26,2.31
300,2.51,2.72
300,2.21,2.18
300,2.23,2.19
300,2.57,2.80
300,2.32,2.31
300,2.20,2.10
300,2.61,2.68
300,2.41,2.41
300,2.17,2.00
300,2.46,2.53
300,2.44,2.52
300,2.11,1.92
300,2.35,2.41
300,2.47,2.62
300,2.05,2.04
300,2.25,2.31
300,2.51,2.72
300,2.22,2.18
300,2.24,2.20
300,2.56,2.81
300,2.32,2.31
300,2.20,2.10
300,2.61,2.69
300,2.41,2.42
300,2.17,2.00
300,2.45,2.54
300,2.43,2.53
300,2.11,1.92
300,2.35,2.40
300,2.46,2.61
300,2.06,2.04
300,2.25,2.30
300,2.51,2.72
300,2.22,2.19
300,2.23,2.20
300,2.57,2.81
300,2.32,2.31
300,2.20,2.10
300,2.61,2.68
300,2.42,2.41
300,2.17,2.01
300,2.45,2.53
300,2.43,2.52
300,2.12,1.92
300,2.35,2.41
300,2.47,2.62
300,2.06,2.04
300,2.26,2.30
300,2.51,2.72
300,2.22,2.18
300,2.23,2.19
300,2.57,2.81
300,2.32,2.31
300,2.20,2.11
300,2.62,2.69
300,2.42,2.42
300,2.17,2.01
300,2.46,2.53
300,2.43,2.52
300,2.11,1.91
300,2.35,2.41
300,2.47,2.62
300,2.06,2.04
300,2.26,2.30
300,2.51,2.72
300,2.22,2.18
300,2.24,2.20
300,2.57,2.82
300,2.32,2.31
300,2.20,2.10
300,2.61,2.68
300,2.41,2.41
300,2.17,2.00
300,2.45,2.54
300,2.43,2.52
300,2.11,1.92
300,2.35,2.41
300,2.47,2.62
300,2.06,2.04
300,2.26,2.31
300,2.51,2.72
300,2.22,2.19
300,2.23,2.19
300,2.56,2.81
300,2.33,2.31
300,2.20,2.10
300,2.61,2.69
300,2.42,2.41
300,2.17,2.00
300,2.45,2.53
300,2.43,2.52
300,2.11,1.91
300,2.35,2.41
300,2.47,2.62
300,2.06,2.04
300,2.25,2.31
300,2.51,2.72
300,2.22,2.19
300,2.23,2.20
300,2.57,2.81
300,2.32,2.31
300,2.20,2.10
300,2.61,2.69
300,2.41,2.42
300,2.17,2.01
300,2.45,2.53
300,2.43,2.52
300,2.11,1.91
300,2.35,2.41
300,2.47,2.62
300,2.06,2.04
300,2.25,2.31
300,2.50,2.72
300,2.21,2.18
300,2.23,2.19
300,2.57,2.81
300,2.32,2.30
300,2.20,2.10
300,2.61,2.69
300,2.42,2.42
300,2.17,2.01
300,2.46,2.54
300,2.43,2.53
300,2.11,1.91
300,2.35,2.40
300,2.47,2.62
300,2.06,2.04
300,2.26,2.31
300,2.51,2.72
300,2.22,2.18
300,2.24,2.19
300,2.57,2.81
300,2.32,2.31
300,2.20,2.11
300,2.61,2.69
300,2.41,2.41
300,2.17,2.01
300,2.45,2.53
300,2.43,2.52
300,2.11,1.91
300,2.35,2.41
300,2.47,2.62
300,2.06,2.05
300,2.26,2.31
300,2.51,2.72
300,2.22,2.18
300,2.24,2.20
300,2.57,2.81
300,2.32,2.31
300,2.20,2.11
300,2.61,2.68
300,2.42,2.42
300,2.17,2.01
300,2.45,2.53
300,2.44,2.53
300,2.11,1.92
300,2.35,2.41
300,2.47,2.61
300,2.06,2.04
300,2.25,2.30
300,2.51,2.72
300,2.21,2.18
300,2.24,2.19
300,2.57,2.81
300,2.32,2.32
300,2.20,2.11
300,2.62,2.69
300,2.41,2.41
300,2.17,2.01
300,2.45,2.54
300,2.43,2.53
300,2.11,1.92
300,2.35,2.41
300,2.47,2.62
300,2.06,2.04
300,2.26,2.31
300,2.51,2.72
300,2.22,2.19
300,2.24,2.20
300,2.57,2.81
300,2.32,2.31
300,2.20,2.10
300,2.61,2.69
300,2.42,2.42
300,2.17,2.00
300,2.45,2.53
300,2.43,2.52
300,2.11,1.92
300,2.35,2.41
300,2.47,2.62
300,2.06,2.04
300,2.25,2.31
300,2.50,2.72
300,2.21,2.18
300,2.24,2.19
300,2.57,2.81
300,2.33,2.32
300,2.20,2.11
300,2.62,2.68
300,2.42,2.42
300,2.17,2.01
300,2.45,2.54
300,2.43,2.52
300,2.11,1.91
300,2.35,2.41
300,2.47,2.62
300,2.05,2.04
300,2.25,2.31
300,2.51,2.72
300,2.22,2.18
300,2.24,2.20
300,2.57,2.82
300,2.32,2.31
300,2.20,2.10
300,2.61,2.69
300,2.41,2.42
300,2.17,2.00
300,2.45,2.54
300,2.43,2.52
300,2.11,1.92
300,2.35,2.41
300,2.47,2.62
300,2.06,2.04
300,2.26,2.31
300,2.51,2.72
300,2.22,2.18
300,2.24,2.20
300,2.57,2.81
300,2.33,2.31
300,2.20,2.11
300,2.61,2.69
300,2.41,2.42
300,2.17,2.01
300,2.45,2.53
300,2.43,2.52
300,2.11,1.91
300,2.35,2.40
300,2.46,2.62
300,2.06,2.04
300,2.26,2.31
300,2.51,2.72
300,2.22,2.19
300,2.24,2.21
300,2.57,2.82
300,2.33,2.30
300,2.20,2.10
300,2.61,2.68
300,2.41,2.41
300,2.16,2.01
300,2.45,2.54
300,2.43,2.53
300,2.11,1.92
300,2.35,2.41
300,2.47,2.62
300,2.06,2.04
300,2.26,2.31
300,2.51,2.72
300,2.22,2.18
300,2.24,2.19
300,2.56,2.81
300,2.32,2.30
300,2.20,2.09
300,2.61,2.69
300,2.42,2.42
300,2.17,2.01
300,2.45,2.54
300,2.43,2.52
300,2.11,1.92
300,2.35,2.41
300,2.46,2.62
300,2.05,2.04
300,2.25,2.31
300,2.51,2.72
300,2.22,2.19
300,2.24,2.21
300,2.57,2.82
300,2.32,2.31
300,2.20,2.10
300,2.61,2.69
300,2.41,2.41
300,2.17,2.01
300,2.45,2.54
300,2.43,2.52
300,2.11,1.91
300,2.35,2.41
300,2.46,2.61
300,2.06,2.04
300,2.26,2.31
300,2.51,2.72
300,2.22,2.19
300,2.23,2.20
300,2.56,2.81
300,2.32,2.31
300,2.19,2.09
300,2.61,2.69
300,2.41,2.42
300,2.17,2.01
300,2.46,2.54
300,2.44,2.52
300,2.11,1.92
300,2.35,2.41
300,2.46,2.62
300,2.05,2.04
300,2.26,2.31
300,2.51,2.72
300,2.22,2.18
300,2.24,2.20
300,2.57,2.82
300,2.32,2.31
300,2.20,2.11
300,2.61,2.69
300,2.41,2.41
300,2.17,2.00
300,2.45,2.53
300,2.43,2.52
300,2.11,1.91
300,2.35,2.41
300,2.47,2.62
300,2.06,2.04
300,2.26,2.31
300,2.51,2.73
300,2.22,2.18
300,2.24,2.20
300,2.57,2.82
300,2.32,2.31
300,2.20,2.10
300,2.61,2.69
300,2.41,2.42
300,2.17,2.00
300,2.45,2.53
300,2.43,2.53
300,2.11,1.91
300,2.35,2.41
300,2.47,2.61
300,2.06,2.04
300,2.26,2.31
300,2.51,2.71
300,2.22,2.18
300,2.24,2.20
300,2.57,2.81
300,2.32,2.32
300,2.20,2.10
300,2.61,2.69
300,2.41,2.42
300,2.17,2.00
300,2.45,2.54
300,2.43,2.52
300,2.11,1.91
300,2.35,2.41
300,2.47,2.61
300,2.06,2.04
300,2.26,2.30
300,2.51,2.72
300,2.22,2.19
300,2.24,2.20
300,2.57,2.81
300,2.32,2.31
300,2.20,2.10
300,2.61,2.68
300,2.41,2.41
300,2.17,2.00
300,2.45,2.53
300,2.43,2.53
300,2.11,1.92
300,2.35,2.41
300,2.47,2.61
300,2.06,2.04
300,2.26,2.31
300,2.51,2.71
300,2.22,2.18
300,2.24,2.19
300,2.57,2.82
300,2.33,2.31
300,2.20,2.10
300,2.61,2.68
300,2.42,2.41
300,2.17,2.00
300,2.45,2.53
300,2.43,2.52
300,2.11,1.91
300,2.35,2.40
300,2.47,2.62
300,2.06,2.03
300,2.26,2.30
300,2.51,2.72
300,2.22,2.19
300,2.24,2.21
300,2.57,2.81
300,2.32,2.31
300,2.20,2.10
300,2.61,2.68
300,2.41,2.42
300,2.17,2.00
300,2.45,2.53
300,2.43,2.53
300,2.11,1.92
300,2.35,2.41
300,2.47,2.62
300,2.05,2.04
300,2.26,2.31
300,2.51,2.72
300,2.21,2.18
300,2.23,2.19
300,2.57,2.80
300,2.32,2.31
300,2.20,2.11
300,2.61,2.69
300,2.41,2.42
300,2.17,2.01
300,2.45,2.54
300,2.43,2.52
300,2.11,1.92
300,2.35,2.41
300,2.46,2.61
300,2.06,2.04
300,2.25,2.30
300,2.51,2.72
300,2.22,2.19
300,2.24,2.20
300,2.57,2.82
300,2.32,2.31
300,2.20,2.10
300,2.61,2.69
300,2.41,2.41
300,2.17,2.00
300,2.45,2.53
300,2.43,2.53
300,2.11,1.92
300,2.35,2.41
300,2.47,2.62
300,2.06,2.04
300,2.26,2.30
300,2.51,2.72
300,2.22,2.18
300,2.23,2.20
300,2.57,2.81
300,2.32,2.31
300,2.20,2.10
300,2.61,2.68
300,2.42,2.42
300,2.17,2.01
300,2.45,2.53
300,2.43,2.52
300,2.11,1.92
300,2.35,2.40
300,2.47,2.61
300,2.06,2.04
300,2.25,2.30
300,2.51,2.72
300,2.22,2.19
300,2.24,2.20
300,2.57,2.81
300,2.33,2.31
300,2.20,2.10
300,2.61,2.68
300,2.41,2.42
300,2.16,2.00
300,2.45,2.53
300,2.43,2.52
300,2.11,1.92
300,2.35,2.41
300,2.47,2.62
300,2.06,2.04
300,2.26,2.31
300,2.51,2.72
300,2.22,2.18
300,2.24,2.20
300,2.57,2.81
300,2.32,2.31
300,2.20,2.10
300,2.61,2.69
300,2.41,2.42
300,2.17,2.01
300,2.46,2.54
300,2.44,2.52
300,2.11,1.91
300,2.35,2.41
300,2.47,2.62
300,2.06,2.04
300,2.26,2.31
300,2.51,2.72
300,2.21,2.19
300,2.23,2.20
300,2.57,2.81
300,2.32,2.31
300,2.20,2.10
300,2.61,2.68
300,2.41,2.41
300,2.17,2.00
300,2.45,2.54
300,2.43,2.51
300,2.11,1.91
300,2.35,2.41
300,2.47,2.62
300,2.06,2.04
300,2.27,2.31
300,2.51,2.72
300,2.22,2.18
300,2.24,2.20
300,2.57,2.81
300,2.32,2.30
300,2.20,2.10
300,2.61,2.69
300,2.41,2.41
300,2.17,2.01
300,2.45,2.53
300,2.43,2.52
300,2.11,1.92
300,2.35,2.41
300,2.47,2.62
300,2.06,2.03
300,2.26,2.30
300,2.51,2.72
300,2.21,2.19
300,2.24,2.20
300,2.57,2.81
300,2.33,2.31
300,2.20,2.10
300,2.61,2.68
300,2.41,2.42
300,2.17,2.01
300,2.45,2.54
300,2.43,2.52
300,2.11,1.92
300,2.35,2.41
300,2.47,2.61
300,2.06,2.04
300,2.26,2.31
300,2.51,2.73
300,2.22,2.19
300,2.24,2.20
300,2.57,2.81
300,2.32,2.31
300,2.20,2.11
300,2.61,2.69
300,2.41,2.42
300,2.17,2.00
300,2.45,2.53
300,2.43,2.52
300,2.11,1.92
300,2.35,2.41
300,2.47,2.62
300,2.06,2.04
300,2.26,2.30
300,2.51,2.72
300,2.22,2.19
300,2.24,2.20
300,2.57,2.82
300,2.32,2.31
300,2.20,2.10
300,2.61,2.69
300,2.41,2.42
300,2.17,2.01
300,2.45,2.54
300,2.43,2.52
300,2.11,1.92
300,2.35,2.41
300,2.47,2.61
300,2.06,2.04
300,2.26,2.31
300,2.51,2.72
300,2.22,2.19
300,2.24,2.20
300,2.57,2.81
300,2.32,2.31
300,2.20,2.10
300,2.61,2.68
300,2.41,2.42
300,2.17,2.00
300,2.45,2.53
300,2.43,2.52
300,2.11,1.91
300,2.36,2.42
300,2.47,2.62
300,2.06,2.04
300,2.26,2.31
300,2.51,2.72
300,2.21,2.19
300,2.23,2.20
300,2.57,2.81
300,2.32,2.31
300,2.20,2.11
300,2.61,2.68
300,2.41,2.42
300,2.17,2.00
300,2.45,2.54
300,2.43,2.52
300,2.10,1.92
300,2.35,2.41
300,2.47,2.62
300,2.05,2.04
300,2.26,2.31
300,2.51,2.72
300,2.22,2.18
300,2.24,2.20
300,2.57,2.82
300,2.32,2.31
300,2.20,2.10
300,2.61,2.69
300,2.41,2.41
300,2.17,2.00
300,2.45,2.54
300,2.44,2.52
300,2.11,1.92
300,2.35,2.41
300,2.47,2.62
300,2.06,2.04
300,2.26,2.31
300,2.51,2.71
300,2.22,2.18
300,2.24,2.19
300,2.56,2.82
300,2.32,2.31
300,2.20,2.10
300,2.61,2.69
300,2.41,2.41
300,2.17,2.01
300,2.45,2.54
300,2.43,2.52
300,2.11,1.92
300,2.35,2.40
300,2.47,2.62
300,2.06,2.03
300,2.26,2.31
300,2.51,2.72
300,2.22,2.18
300,2.24,2.19
300,2.57,2.81
300,2.32,2.31
300,2.20,2.10
300,2.61,2.68
400,2.08,2.11
400,2.13,2.10
400,2.25,2.27
400,2.42,2.44
400,2.58,2.74
400,2.40,2.28
400,2.16,1.98
400,2.29,2.44
400,2.53,2.74
400,2.39,2.29
400,2.15,1.98
400,2.29,2.44
400,2.53,2.74
400,2.39,2.28
400,2.14,1.97
400,2.28,2.43
400,2.52,2.73
400,2.39,2.29
400,2.15,1.98
400,2.28,2.44
400,2.53,2.73
400,2.39,2.29
400,2.15,1.98
400,2.29,2.44
400,2.53,2.73
400,2.39,2.29
400,2.15,1.98
400,2.29,2.43
400,2.52,2.73
400,2.39,2.29
400,2.15,1.98
400,2.28,2.43
400,2.52,2.74
400,2.39,2.29
400,2.15,1.98
400,2.29,2.43
400,2.52,2.74
400,2.39,2.29
400,2.15,1.98
400,2.28,2.44
400,2.52,2.73
400,2.39,2.29
400,2.15,1.97
400,2.29,2.44
400,2.53,2.74
400,2.39,2.29
400,2.15,1.98
400,2.28,2.44
400,2.52,2.74
400,2.39,2.29
400,2.15,1.98
400,2.29,2.43
400,2.53,2.74
400,2.39,2.29
400,2.15,1.97
400,2.29,2.44
400,2.53,2.74
400,2.39,2.28
400,2.15,1.98
400,2.28,2.43
400,2.53,2.74
400,2.38,2.28
400,2.15,1.98
400,2.28,2.44
400,2.53,2.74
400,2.39,2.29
400,2.15,1.98
400,2.29,2.44
400,2.53,2.74
400,2.39,2.29
400,2.15,1.98
400,2.29,2.43
400,2.53,2.74
400,2.39,2.28
400,2.15,1.97
400,2.29,2.43
400,2.53,2.74
400,2.39,2.29
400,2.14,1.98
400,2.28,2.44
400,2.53,2.74
400,2.38,2.28
400,2.14,1.98
400,2.28,2.44
400,2.52,2.73
400,2.39,2.29
400,2.15,1.98
400,2.29,2.44
400,2.53,2.73
400,2.39,2.28
400,2.15,1.98
400,2.29,2.44
400,2.53,2.73
400,2.39,2.28
400,2.15,1.97
400,2.28,2.44
400,2.52,2.74
400,2.38,2.29
400,2.15,1.97
400,2.29,2.44
400,2.53,2.74
400,2.39,2.29
400,2.15,1.98
400,2.28,2.43
400,2.52,2.74
400,2.39,2.28
400,2.15,1.97
400,2.28,2.43
400,2.53,2.74
400,2.39,2.29
400,2.15,1.98
400,2.28,2.43
400,2.52,2.74
400,2.39,2.29
400,2.15,1.97
400,2.28,2.44
400,2.53,2.74
400,2.39,2.28
400,2.15,1.98
400,2.28,2.43
400,2.53,2.74
400,2.39,2.30
400,2.15,1.98
400,2.28,2.44
400,2.52,2.74
400,2.38,2.28
400,2.14,1.98
400,2.28,2.44
400,2.52,2.73
400,2.39,2.28
400,2.15,1.98
400,2.28,2.44
400,2.53,2.74
400,2.39,2.29
400,2.15,1.97
400,2.28,2.44
400,2.52,2.74
400,2.39,2.28
400,2.15,1.98
400,2.28,2.43
400,2.53,2.73
400,2.39,2.29
400,2.14,1.98
400,2.29,2.44
400,2.53,2.74
400,2.38,2.28
400,2.15,1.98
400,2.28,2.44
400,2.53,2.74
400,2.39,2.29
400,2.15,1.98
400,2.29,2.43
400,2.53,2.73
400,2.39,2.29
400,2.15,1.98
400,2.29,2.44
400,2.53,2.73
400,2.38,2.29
400,2.15,1.98
400,2.28,2.43
400,2.52,2.74
400,2.39,2.29
400,2.15,1.98
400,2.29,2.44
400,2.52,2.74
400,2.39,2.29
400,2.15,1.98
400,2.29,2.43
400,2.53,2.74
400,2.39,2.28
400,2.15,1.97
400,2.28,2.43
400,2.52,2.73
400,2.39,2.28
400,2.15,1.98
400,2.29,2.43
400,2.53,2.74
400,2.39,2.29
400,2.15,1.98
400,2.28,2.43
400,2.52,2.74
400,2.39,2.29
400,2.15,1.98
400,2.29,2.44
400,2.53,2.73
400,2.39,2.29
400,2.15,1.97
400,2.28,2.44
400,2.53,2.73
400,2.38,2.28
400,2.15,1.98
400,2.28,2.43
400,2.52,2.73
400,2.38,2.28
400,2.15,1.97
400,2.28,2.43
400,2.53,2.74
400,2.39,2.29
400,2.15,1.98
400,2.29,2.44
400,2.53,2.73
400,2.39,2.29
400,2.15,1.98
400,2.28,2.43
400,2.52,2.74
400,2.38,2.29
400,2.14,1.98
400,2.28,2.44
400,2.53,2.74
400,2.39,2.30
400,2.15,1.98
400,2.29,2.44
400,2.53,2.73
400,2.39,2.29
400,2.15,1.98
400,2.29,2.44
400,2.53,2.73
400,2.39,2.29
400,2.15,1.98
400,2.29,2.44
400,2.53,2.74
400,2.39,2.29
400,2.15,1.98
400,2.28,2.43
400,2.52,2.73
400,2.38,2.28
400,2.15,1.98
400,2.29,2.44
400,2.52,2.74
400,2.39,2.28
400,2.15,1.98
400,2.29,2.43
400,2.53,2.73
400,2.39,2.29
400,2.15,1.98
400,2.28,2.43
400,2.52,2.74
400,2.38,2.29
400,2.15,1.98
400,2.28,2.44
400,2.52,2.74
400,2.39,2.29
400,2.15,1.98
400,2.29,2.44
400,2.53,2.74
400,2.39,2.29
400,2.15,1.98
400,2.28,2.43
400,2.53,2.73
400,2.39,2.28
400,2.15,1.98
400,2.29,2.43
400,2.52,2.74
400,2.38,2.28
400,2.15,1.98
400,2.28,2.43
400,2.52,2.73
400,2.39,2.29
400,2.15,1.97
400,2.29,2.44
400,2.53,2.74
400,2.39,2.28
400,2.15,1.97
400,2.29,2.43
400,2.53,2.73
400,2.39,2.29
400,2.15,1.99
400,2.29,2.44
400,2.52,2.73
400,2.39,2.29
400,2.14,1.98
400,2.28,2.43
400,2.53,2.74
400,2.39,2.29
400,2.15,1.98
400,2.29,2.44
400,2.53,2.74
400,2.39,2.29
400,2.15,1.97
400,2.29,2.43
400,2.53,2.74
400,2.38,2.29
400,2.15,1.98
400,2.28,2.43
400,2.52,2.73
400,2.39,2.29
400,2.15,1.98
400,2.29,2.44
400,2.52,2.74
400,2.38,2.29
400,2.15,1.98
400,2.29,2.44
400,2.52,2.74
400,2.39,2.29
400,2.15,1.99
400,2.28,2.43
400,2.53,2.74
400,2.39,2.28
400,2.15,1.98
400,2.29,2.44
400,2.53,2.74
400,2.39,2.28
400,2.15,1.98
400,2.29,2.43
400,2.53,2.73
400,2.39,2.28
400,2.15,1.98
400,2.29,2.43
400,2.53,2.74
400,2.39,2.29
400,2.15,1.98
400,2.28,2.44
400,2.52,2.74
400,2.39,2.28
400,2.15,1.97
400,2.28,2.43
400,2.52,2.73
400,2.38,2.28
400,2.15,1.98
400,2.29,2.44
400,2.53,2.74
400,2.39,2.29
400,2.15,1.97
400,2.29,2.44
400,2.53,2.73
400,2.38,2.29
400,2.15,1.97
400,2.29,2.44
400,2.53,2.74
400,2.39,2.29
400,2.15,1.98
400,2.29,2.44
400,2.53,2.74
400,2.38,2.29
400,2.14,1.97
400,2.28,2.43
400,2.52,2.74
400,2.39,2.29
400,2.15,1.98
400,2.29,2.44
400,2.53,2.74
400,2.39,2.29
400,2.15,1.99
400,2.29,2.43
400,2.53,2.73
400,2.39,2.28
400,2.15,1.98
400,2.28,2.44
400,2.52,2.74
400,2.39,2.29
400,2.15,1.98
400,2.29,2.44
400,2.53,2.74
400,2.39,2.29
400,2.15,1.98
400,2.29,2.44
400,2.53,2.74
400,2.39,2.29
400,2.15,1.97
400,2.29,2.43
400,2.52,2.74
400,2.39,2.29
400,2.15,1.98
400,2.28,2.43
400,2.53,2.74
400,2.39,2.29
400,2.15,1.98
400,2.29,2.43
400,2.53,2.74
400,2.39,2.29
400,2.15,1.98
400,2.29,2.43
400,2.53,2.74
400,2.39,2.29
400,2.15,1.98
400,2.29,2.44
400,2.53,2.74
400,2.39,2.29
400,2.15,1.97
400,2.28,2.44
400,2.52,2.74
400,2.38,2.28
400,2.15,1.97
400,2.29,2.44
400,2.53,2.74
400,2.39,2.29
400,2.15,1.99
400,2.29,2.43
400,2.53,2.74
400,2.39,2.29
400,2.15,1.97
400,2.29,2.43
400,2.53,2.74
400,2.39,2.29
400,2.15,1.98
400,2.28,2.44
400,2.52,2.74
400,2.39,2.29
400,2.14,1.98
400,2.29,2.44
400,2.52,2.74
400,2.39,2.29
400,2.15,1.98
400,2.29,2.43
400,2.53,2.74
400,2.39,2.29
400,2.15,1.98
400,2.29,2.43
400,2.53,2.74
400,2.39,2.29
400,2.14,1.98
400,2.28,2.44
400,2.52,2.74
400,2.39,2.29
400,2.15,1.97
400,2.29,2.43
400,2.53,2.74
400,2.39,2.29
400,2.15,1.98
400,2.29,2.44
400,2.53,2.73
400,2.39,2.29
400,2.15,1.98
400,2.28,2.43
400,2.53,2.73
400,2.38,2.29
400,2.15,1.97
400,2.29,2.44
400,2.52,2.73
400,2.39,2.29
400,2.15,1.98
400,2.29,2.44
400,2.53,2.73
400,2.39,2.28
400,2.15,1.97
400,2.28,2.43
400,2.53,2.74
400,2.39,2.29
400,2.15,1.98
400,2.28,2.43
400,2.53,2.74
400,2.39,2.29
400,2.15,1.98
400,2.29,2.43
400,2.53,2.73
400,2.38,2.28
400,2.15,1.98
400,2.28,2.44
400,2.52,2.73
400,2.39,2.29
400,2.15,1.98
400,2.29,2.44
400,2.53,2.74
400,2.39,2.29
400,2.15,1.97
400,2.28,2.43
400,2.52,2.73
400,2.39,2.29
400,2.15,1.97
400,2.29,2.44
400,2.53,2.73
400,2.39,2.29
400,2.15,1.98
400,2.29,2.44
400,2.53,2.74
400,2.39,2.29
400,2.15,1.97
400,2.28,2.44
400,2.53,2.74
400,2.39,2.28
400,2.15,1.97
400,2.29,2.44
400,2.53,2.74
400,2.39,2.30
400,2.15,1.98
400,2.29,2.44
400,2.52,2.73
400,2.39,2.29
400,2.15,1.98
400,2.28,2.44
400,2.53,2.73
400,2.39,2.29
400,2.15,1.98
400,2.29,2.44
400,2.53,2.74
400,2.39,2.29
400,2.15,1.98
400,2.28,2.43
400,2.52,2.74
400,2.38,2.28
400,2.15,1.97
400,2.28,2.43
400,2.52,2.74
400,2.39,2.29
400,2.15,1.98
400,2.29,2.44
400,2.53,2.74
400,2.39,2.29
400,2.15,1.97
400,2.28,2.43
400,2.53,2.73
400,2.39,2.28
400,2.14,1.98
400,2.28,2.44
400,2.53,2.74
400,2.38,2.29
400,2.15,1.98
400,2.29,2.44
400,2.53,2.74
400,2.38,2.28
400,2.14,1.98
400,2.28,2.43
400,2.52,2.74
400,2.39,2.28
400,2.15,1.98
400,2.29,2.43
400,2.53,2.74
400,2.39,2.29
400,2.15,1.98
400,2.29,2.43
400,2.52,2.74
400,2.39,2.28
400,2.15,1.98
400,2.28,2.44
400,2.52,2.74
400,2.39,2.28
400,2.15,1.97
400,2.29,2.44
400,2.53,2.73
400,2.39,2.29
400,2.15,1.98
400,2.29,2.43
400,2.53,2.74
400,2.39,2.29
400,2.15,1.97
400,2.28,2.43
400,2.52,2.74
400,2.38,2.28
400,2.14,1.98
400,2.29,2.44
400,2.53,2.74
400,2.39,2.29
400,2.15,1.98
400,2.29,2.44
400,2.53,2.74
400,2.39,2.28
400,2.15,1.98
400,2.29,2.43
400,2.53,2.74
400,2.39,2.29
400,2.15,1.98
400,2.29,2.44
400,2.52,2.75
400,2.39,2.28
400,2.14,1.98
400,2.28,2.44
400,2.52,2.73
400,2.39,2.29
400,2.15,1.98
400,2.29,2.44
400,2.53,2.74
400,2.39,2.29
400,2.15,1.98
400,2.29,2.43
400,2.53,2.73
400,2.39,2.29
400,2.15,1.98
400,2.28,2.44
400,2.52,2.74
400,2.39,2.29
400,2.15,1.98
400,2.28,2.44
400,2.53,2.74
400,2.39,2.28
400,2.15,1.98
400,2.29,2.43
400,2.53,2.74
400,2.39,2.29
400,2.15,1.98
400,2.28,2.44
400,2.53,2.73
400,2.39,2.29
400,2.15,1.98
400,2.29,2.44
400,2.52,2.74
400,2.39,2.29
400,2.15,1.98
400,2.29,2.43
400,2.53,2.73
400,2.39,2.28
400,2.14,1.97
400,2.29,2.43
400,2.53,2.74
400,2.39,2.29
400,2.15,1.99
400,2.29,2.44
400,2.53,2.74
400,2.39,2.29
400,2.15,1.98
400,2.28,2.43
400,2.52,2.74
400,2.39,2.29
400,2.15,1.97
400,2.29,2.43
400,2.53,2.74
400,2.39,2.29
400,2.15,1.99
400,2.29,2.44
400,2.53,2.74
400,2.39,2.28
400,2.15,1.98
400,2.28,2.43
400,2.52,2.74
400,2.39,2.28
400,2.15,1.98
400,2.29,2.44
400,2.52,2.74
400,2.39,2.29
400,2.15,1.99
400,2.29,2.43
400,2.52,2.74
400,2.39,2.29
400,2.15,1.98
400,2.29,2.44
400,2.53,2.74
400,2.39,2.29
400,2.15,1.97
400,2.29,2.44
400,2.53,2.75
400,2.39,2.29
400,2.15,1.98
400,2.29,2.43
400,2.53,2.74
400,2.39,2.29
400,2.14,1.98
400,2.28,2.44
400,2.53,2.74
400,2.39,2.28
400,2.15,1.98
400,2.29,2.44
400,2.53,2.74
400,2.39,2.28
400,2.15,1.97
400,2.29,2.44
400,2.52,2.74
400,2.38,2.28
400,2.15,1.98
400,2.28,2.43
400,2.52,2.74
400,2.39,2.29
400,2.15,1.99
400,2.29,2.44
400,2.53,2.73
400,2.39,2.29
400,2.15,1.98
400,2.28,2.43
400,2.53,2.74
400,2.39,2.28
400,2.15,1.98
400,2.29,2.44
400,2.53,2.74
400,2.39,2.28
400,2.15,1.98
400,2.29,2.43
400,2.52,2.73
400,2.39,2.29
400,2.15,1.97
400,2.28,2.43
400,2.53,2.74
400,2.39,2.29
400,2.15,1.97
400,2.29,2.44
400,2.53,2.74
400,2.39,2.29
400,2.15,1.98
400,2.29,2.44
400,2.52,2.74
400,2.39,2.28
400,2.15,1.98
400,2.29,2.43
400,2.52,2.73
400,2.39,2.29
400,2.15,1.98
400,2.29,2.44
400,2.53,2.74
400,2.39,2.28
400,2.15,1.98
400,2.28,2.44
400,2.53,2.74
400,2.39,2.29
400,2.15,1.98
400,2.28,2.44
400,2.52,2.74
400,2.39,2.29
400,2.15,1.98
400,2.28,2.43
400,2.52,2.74
400,2.39,2.28
400,2.15,1.97
400,2.28,2.43
400,2.53,2.74
400,2.38,2.28
400,2.15,1.97
400,2.29,2.43
400,2.53,2.74
400,2.39,2.29
400,2.15,1.99
400,2.29,2.44
400,2.53,2.74
400,2.38,2.28
400,2.15,1.98
400,2.28,2.44
400,2.53,2.73
400,2.39,2.28
400,2.15,1.98
400,2.29,2.44
400,2.53,2.74
400,2.39,2.29
400,2.15,1.98
400,2.29,2.44
400,2.53,2.73
400,2.39,2.29
400,2.15,1.98
400,2.28,2.43
400,2.53,2.74
400,2.38,2.29
400,2.15,1.98
400,2.29,2.43
400,2.53,2.74
400,2.39,2.29
400,2.15,1.98
400,2.28,2.44
400,2.53,2.73
400,2.39,2.29
400,2.15,1.98
400,2.29,2.43
400,2.53,2.74
400,2.39,2.28
400,2.15,1.99
400,2.29,2.44
400,2.52,2.73
400,2.39,2.29
400,2.14,1.98
400,2.28,2.44
400,2.53,2.73
400,2.39,2.28
400,2.15,1.98
400,2.29,2.44
400,2.53,2.74
400,2.39,2.29
400,2.15,1.98
400,2.29,2.44
400,2.53,2.74
400,2.39,2.29
400,2.15,1.97
400,2.29,2.44
400,2.52,2.73
400,2.39,2.29
400,2.15,1.98
400,2.29,2.44
400,2.53,2.74
400,2.39,2.29
400,2.15,1.98
400,2.29,2.44
400,2.53,2.74
400,2.38,2.28
400,2.15,1.97
400,2.29,2.44
400,2.52,2.74
400,2.39,2.28
400,2.15,1.99
400,2.29,2.44
400,2.53,2.74
400,2.39,2.28
400,2.15,1.98
400,2.28,2.44
400,2.52,2.74
400,2.39,2.29
400,2.15,1.98
400,2.29,2.44
400,2.53,2.73
400,2.39,2.29
400,2.15,1.98
400,2.29,2.44
400,2.53,2.73
400,2.39,2.29
400,2.15,1.98
400,2.28,2.44
400,2.52,2.74
400,2.39,2.29
400,2.15,1.97
400,2.29,2.43
400,2.53,2.74
400,2.39,2.29
400,2.15,1.98
400,2.29,2.44
400,2.53,2.74
400,2.39,2.29
400,2.15,1.97
400,2.29,2.43
400,2.52,2.73
400,2.39,2.29
400,2.15,1.98
400,2.29,2.43
400,2.53,2.74
400,2.39,2.29
400,2.15,1.99
400,2.29,2.43
400,2.53,2.73
400,2.38,2.29
400,2.15,1.98
400,2.29,2.43
400,2.53,2.73
400,2.39,2.29
400,2.15,1.98
400,2.29,2.44
400,2.53,2.75
400,2.39,2.29
400,2.15,1.98
400,2.28,2.44
400,2.52,2.74
400,2.39,2.29
400,2.15,1.98
400,2.29,2.43
400,2.53,2.74
400,2.39,2.29
400,2.15,1.98
400,2.29,2.44
400,2.53,2.73
400,2.38,2.28
400,2.15,1.98
400,2.29,2.43
400,2.53,2.73
400,2.39,2.29
400,2.15,1.98
400,2.29,2.44
400,2.53,2.73
400,2.39,2.29
400,2.15,1.98
400,2.28,2.43
400,2.53,2.74
400,2.39,2.29
400,2.15,1.98
400,2.28,2.43
400,2.53,2.74
400,2.39,2.29
400,2.15,1.98
400,2.29,2.44
400,2.53,2.74
400,2.39,2.29
400,2.15,1.98
400,2.29,2.44
400,2.53,2.74
400,2.39,2.28
400,2.15,1.98
400,2.28,2.44
400,2.53,2.73
400,2.39,2.28
400,2.15,1.99
400,2.29,2.43
400,2.53,2.73
400,2.39,2.28
400,2.15,1.98
400,2.28,2.44
400,2.52,2.74
400,2.39,2.28
400,2.15,1.97
400,2.28,2.43
400,2.52,2.73
400,2.39,2.29
400,2.15,1.98
400,2.29,2.44
400,2.52,2.73
400,2.39,2.29
400,2.15,1.98
400,2.29,2.44
400,2.53,2.74
400,2.38,2.29
400,2.15,1.97
400,2.29,2.44
400,2.53,2.74
400,2.39,2.29
400,2.15,1.98
400,2.28,2.43
400,2.52,2.74
400,2.39,2.28
400,2.15,1.98
400,2.29,2.43
400,2.52,2.74
400,2.39,2.29
400,2.15,1.98
400,2.29,2.43
400,2.53,2.74
400,2.39,2.28
400,2.15,1.98
400,2.29,2.43
400,2.52,2.74
400,2.38,2.29
400,2.15,1.98
400,2.28,2.43
400,2.52,2.74
400,2.39,2.29
400,2.15,1.98
400,2.29,2.44
400,2.53,2.74
400,2.39,2.28
400,2.15,1.98
400,2.29,2.43
400,2.53,2.74
400,2.39,2.28
400,2.15,1.97
400,2.28,2.44
400,2.52,2.74
400,2.39,2.29
400,2.15,1.99
400,2.29,2.44
400,2.53,2.74
400,2.39,2.28
400,2.15,1.97
400,2.28,2.43
400,2.53,2.74
400,2.39,2.29
400,2.15,1.98
400,2.28,2.44
400,2.53,2.74
400,2.39,2.29
400,2.15,1.99
400,2.28,2.44
400,2.53,2.74
400,2.39,2.28
400,2.15,1.97
400,2.28,2.44
400,2.52,2.74
400,2.38,2.28
400,2.15,1.98
400,2.29,2.44
400,2.53,2.73
400,2.39,2.29
400,2.15,1.98
400,2.29,2.44
400,2.53,2.74
400,2.39,2.29
400,2.15,1.98
400,2.29,2.43
400,2.53,2.73
400,2.39,2.29
400,2.15,1.98
400,2.29,2.44
400,2.53,2.74
400,2.38,2.29
400,2.15,1.97
400,2.29,2.43
400,2.53,2.74
400,2.39,2.29
400,2.15,1.98
400,2.28,2.43
400,2.53,2.74
400,2.38,2.28
400,2.15,1.98
400,2.29,2.44
400,2.53,2.74
400,2.39,2.28
400,2.15,1.98
400,2.29,2.43
400,2.52,2.73
400,2.38,2.29
400,2.15,1.98
400,2.29,2.44
400,2.53,2.74
400,2.39,2.30
400,2.15,1.98
400,2.29,2.44
400,2.53,2.74
400,2.39,2.28
400,2.15,1.97
400,2.28,2.43
400,2.52,2.73
400,2.39,2.29
400,2.15,1.97
400,2.29,2.44
400,2.53,2.75
400,2.39,2.29
400,2.15,1.97
400,2.29,2.43
400,2.53,2.73
400,2.39,2.28
400,2.15,1.97
400,2.29,2.44
400,2.52,2.74
400,2.38,2.29
400,2.15,1.98
400,2.29,2.44
400,2.53,2.74
400,2.39,2.28
400,2.15,1.98
400,2.28,2.44
400,2.52,2.73
400,2.39,2.29
400,2.15,1.98
400,2.29,2.44
500,2.41,2.48
500,2.42,2.39
500,2.37,2.29
500,2.29,2.20
500,2.20,2.13
500,2.45,2.65
500,2.38,2.46
500,2.14,2.22
500,2.18,2.17
500,2.35,2.38
500,2.48,2.64
500,2.39,2.45
500,2.15,2.22
500,2.18,2.17
500,2.35,2.39
500,2.49,2.65
500,2.40,2.46
500,2.15,2.22
500,2.19,2.17
500,2.35,2.38
500,2.49,2.64
500,2.39,2.45
500,2.15,2.22
500,2.19,2.17
500,2.35,2.38
500,2.49,2.65
500,2.39,2.45
500,2.15,2.22
500,2.19,2.17
500,2.35,2.38
500,2.49,2.64
500,2.39,2.45
500,2.15,2.21
500,2.19,2.17
500,2.35,2.39
500,2.49,2.64
500,2.39,2.45
500,2.15,2.22
500,2.19,2.17
500,2.36,2.39
500,2.49,2.65
500,2.39,2.45
500,2.21,2.23
500,2.21,2.17
500,2.36,2.38
500,2.49,2.64
500,2.40,2.45
500,2.16,2.22
500,2.19,2.17
500,2.36,2.39
500,2.49,2.66
500,2.40,2.45
500,2.15,2.22
500,2.19,2.17
500,2.35,2.38
500,2.49,2.65
500,2.39,2.45
500,2.15,2.22
500,2.18,2.17
500,2.35,2.38
500,2.49,2.64
500,2.40,2.45
500,2.15,2.22
500,2.18,2.17
500,2.35,2.38
500,2.49,2.65
500,2.39,2.44
500,2.15,2.21
500,2.19,2.17
500,2.35,2.38
500,2.49,2.65
500,2.40,2.45
500,2.15,2.22
500,2.18,2.17
500,2.35,2.38
500,2.49,2.65
500,2.39,2.44
500,2.15,2.22
500,2.19,2.17
500,2.35,2.38
500,2.49,2.65
500,2.40,2.45
500,2.16,2.22
500,2.19,2.17
500,2.35,2.38
500,2.49,2.65
500,2.40,2.45
500,2.15,2.22
500,2.18,2.17
500,2.35,2.38
500,2.49,2.65
500,2.39,2.45
500,2.15,2.22
500,2.19,2.17
500,2.35,2.38
500,2.49,2.65
500,2.40,2.45
500,2.15,2.21
500,2.19,2.17
500,2.35,2.38
500,2.49,2.65
500,2.39,2.45
500,2.15,2.22
500,2.19,2.17
500,2.35,2.38
500,2.49,2.65
500,2.40,2.46
500,2.15,2.21
500,2.19,2.17
500,2.35,2.38
500,2.49,2.64
500,2.40,2.45
500,2.15,2.22
500,2.19,2.17
500,2.35,2.39
500,2.49,2.65
500,2.39,2.45
500,2.15,2.22
500,2.19,2.17
500,2.35,2.39
500,2.49,2.65
500,2.39,2.45
500,2.15,2.21
500,2.19,2.17
500,2.35,2.38
500,2.49,2.65
500,2.40,2.45
500,2.15,2.22
500,2.19,2.17
500,2.35,2.38
500,2.49,2.65
500,2.40,2.45
500,2.15,2.21
500,2.18,2.17
500,2.35,2.38
500,2.49,2.65
500,2.40,2.45
500,2.15,2.22
500,2.19,2.18
500,2.35,2.38
500,2.49,2.65
500,2.39,2.44
500,2.15,2.22
500,2.19,2.16
500,2.35,2.38
500,2.49,2.65
500,2.39,2.44
500,2.15,2.22
500,2.19,2.17
500,2.36,2.38
500,2.49,2.65
500,2.40,2.45
500,2.15,2.22
500,2.18,2.17
500,2.35,2.38
500,2.49,2.65
500,2.39,2.44
500,2.15,2.22
500,2.18,2.17
500,2.35,2.39
500,2.49,2.65
500,2.39,2.45
500,2.15,2.22
500,2.19,2.17
500,2.35,2.38
500,2.49,2.65
500,2.39,2.45
500,2.15,2.21
500,2.19,2.17
500,2.35,2.38
500,2.49,2.65
500,2.40,2.45
500,2.15,2.22
500,2.19,2.17
500,2.35,2.38
500,2.49,2.65
500,2.40,2.45
500,2.15,2.22
500,2.19,2.17
500,2.35,2.38
500,2.49,2.65
500,2.40,2.45
500,2.15,2.21
500,2.19,2.17
500,2.35,2.38
500,2.49,2.65
500,2.39,2.45
500,2.15,2.22
500,2.19,2.17
500,2.35,2.38
500,2.49,2.65
500,2.40,2.45
500,2.15,2.22
500,2.19,2.17
500,2.36,2.38
500,2.49,2.64
500,2.39,2.45
500,2.15,2.22
500,2.19,2.17
500,2.35,2.38
500,2.49,2.65
500,2.39,2.46
500,2.15,2.22
500,2.19,2.17
500,2.35,2.38
500,2.49,2.65
500,2.40,2.45
500,2.15,2.22
500,2.19,2.17
500,2.35,2.38
500,2.49,2.65
500,2.40,2.45
500,2.15,2.22
500,2.19,2.17
500,2.35,2.38
500,2.49,2.65
500,2.39,2.45
500,2.15,2.22
500,2.19,2.17
500,2.35,2.39
500,2.49,2.65
500,2.39,2.45
500,2.15,2.22
500,2.19,2.17
500,2.35,2.38
500,2.49,2.64
500,2.40,2.45
500,2.15,2.22
500,2.19,2.17
500,2.35,2.38
500,2.49,2.64
500,2.39,2.45
500,2.15,2.21
500,2.18,2.16
500,2.35,2.37
500,2.49,2.65
500,2.40,2.45
500,2.16,2.22
500,2.19,2.17
500,2.36,2.38
500,2.49,2.65
500,2.39,2.45
500,2.15,2.21
500,2.18,2.17
500,2.35,2.38
500,2.49,2.65
500,2.39,2.45
500,2.15,2.22
500,2.19,2.17
500,2.35,2.38
500,2.49,2.65
500,2.40,2.45
500,2.15,2.22
500,2.19,2.17
500,2.35,2.39
500,2.49,2.65
500,2.40,2.46
500,2.15,2.22
500,2.19,2.17
500,2.35,2.39
500,2.49,2.65
500,2.39,2.45
500,2.15,2.22
500,2.18,2.17
500,2.35,2.38
500,2.49,2.64
500,2.40,2.45
500,2.15,2.22
500,2.19,2.17
500,2.35,2.38
500,2.49,2.65
500,2.40,2.46
500,2.15,2.22
500,2.19,2.17
500,2.35,2.38
500,2.49,2.64
500,2.39,2.45
500,2.15,2.22
500,2.19,2.17
500,2.35,2.38
500,2.49,2.65
500,2.40,2.45
500,2.15,2.22
500,2.19,2.17
500,2.35,2.38
500,2.49,2.64
500,2.40,2.45
500,2.15,2.21
500,2.19,2.17
500,2.35,2.38
500,2.49,2.65
500,2.40,2.45
500,2.15,2.22
500,2.19,2.17
500,2.35,2.38
500,2.49,2.65
500,2.39,2.45
500,2.15,2.22
500,2.18,2.16
500,2.35,2.38
500,2.49,2.65
500,2.40,2.45
500,2.15,2.22
500,2.19,2.17
500,2.35,2.38
500,2.49,2.65
500,2.40,2.44
500,2.15,2.22
500,2.18,2.17
500,2.35,2.39
500,2.49,2.64
500,2.39,2.45
500,2.15,2.21
500,2.19,2.16
500,2.36,2.39
500,2.49,2.65
500,2.40,2.45
500,2.15,2.22
500,2.19,2.17
500,2.35,2.39
500,2.49,2.65
500,2.39,2.44
500,2.15,2.22
500,2.19,2.17
500,2.35,2.38
500,2.49,2.65
500,2.40,2.45
500,2.15,2.22
500,2.18,2.17
500,2.35,2.38
500,2.49,2.65
500,2.40,2.45
500,2.15,2.22
500,2.19,2.17
500,2.35,2.38
500,2.49,2.65
500,2.40,2.45
500,2.15,2.22
500,2.19,2.17
500,2.35,2.38
500,2.49,2.64
500,2.39,2.45
500,2.15,2.21
500,2.19,2.17
500,2.35,2.39
500,2.49,2.65
500,2.40,2.46
500,2.16,2.22
500,2.19,2.17
500,2.35,2.38
500,2.49,2.65
500,2.39,2.45
500,2.15,2.22
500,2.19,2.16
500,2.35,2.38
500,2.49,2.65
500,2.39,2.45
500,2.15,2.22
500,2.19,2.17
500,2.35,2.38
500,2.49,2.65
500,2.40,2.45
500,2.21,2.23
500,2.21,2.17
500,2.36,2.39
500,2.49,2.64
500,2.40,2.45
500,2.15,2.22
500,2.19,2.17
500,2.35,2.39
500,2.49,2.65
500,2.39,2.44
500,2.15,2.21
500,2.19,2.17
500,2.35,2.38
500,2.49,2.65
500,2.40,2.45
500,2.15,2.22
500,2.19,2.17
500,2.35,2.38
500,2.49,2.65
500,2.40,2.45
500,2.15,2.21
500,2.19,2.17
500,2.35,2.38
500,2.48,2.65
500,2.39,2.45
500,2.15,2.22
500,2.19,2.17
500,2.35,2.39
500,2.49,2.65
500,2.40,2.45
500,2.16,2.22
500,2.19,2.16
500,2.35,2.38
500,2.49,2.65
500,2.39,2.45
500,2.15,2.22
500,2.19,2.16
500,2.35,2.38
500,2.49,2.64
500,2.40,2.45
500,2.16,2.22
500,2.19,2.17
500,2.35,2.38
500,2.49,2.65
500,2.40,2.44
500,2.15,2.21
500,2.19,2.17
500,2.35,2.38
500,2.49,2.65
500,2.40,2.45
500,2.15,2.21
500,2.19,2.17
500,2.35,2.38
500,2.49,2.64
500,2.39,2.45
500,2.15,2.22
500,2.18,2.17
500,2.35,2.38
500,2.49,2.65
500,2.40,2.45
500,2.15,2.22
500,2.19,2.17
500,2.35,2.38
500,2.49,2.65
500,2.40,2.45
500,2.15,2.22
500,2.19,2.17
500,2.35,2.38
500,2.49,2.65
500,2.40,2.45
500,2.15,2.22
500,2.19,2.17
500,2.35,2.38
500,2.49,2.65
500,2.40,2.45
500,2.15,2.22
500,2.19,2.17
500,2.35,2.38
500,2.49,2.65
500,2.39,2.45
500,2.15,2.22
500,2.19,2.17
500,2.35,2.39
500,2.49,2.65
500,2.40,2.45
500,2.15,2.22
500,2.19,2.17
500,2.35,2.38
500,2.49,2.65
500,2.39,2.44
500,2.15,2.22
500,2.19,2.17
500,2.35,2.38
500,2.49,2.64
500,2.40,2.45
500,2.16,2.22
500,2.19,2.17
500,2.35,2.38
500,2.49,2.65
500,2.39,2.45
500,2.15,2.22
500,2.18,2.16
500,2.35,2.37
500,2.49,2.64
500,2.40,2.45
500,2.15,2.21
500,2.18,2.17
500,2.35,2.38
500,2.48,2.65
500,2.39,2.45
500,2.15,2.22
500,2.19,2.17
500,2.35,2.38
500,2.49,2.65
500,2.40,2.45
500,2.15,2.21
500,2.19,2.17
500,2.35,2.38
500,2.49,2.65
500,2.39,2.45
500,2.15,2.21
500,2.19,2.17
500,2.35,2.38
500,2.49,2.65
500,2.40,2.44
500,2.15,2.22
500,2.19,2.17
500,2.35,2.38
500,2.50,2.65
500,2.40,2.45
500,2.15,2.22
500,2.19,2.17
500,2.35,2.38
500,2.49,2.65
500,2.39,2.45
500,2.15,2.22
500,2.19,2.17
500,2.35,2.38
500,2.49,2.65
500,2.39,2.46
500,2.15,2.22
500,2.19,2.17
500,2.35,2.39
500,2.49,2.65
500,2.40,2.45
500,2.15,2.22
500,2.19,2.17
500,2.35,2.38
500,2.49,2.65
500,2.40,2.45
500,2.15,2.22
500,2.19,2.17
500,2.35,2.38
500,2.49,2.65
500,2.39,2.45
500,2.15,2.22
500,2.19,2.17
500,2.35,2.38
500,2.49,2.65
500,2.40,2.45
500,2.15,2.21
500,2.19,2.17
500,2.35,2.38
500,2.49,2.65
500,2.39,2.45
500,2.15,2.21
500,2.19,2.17
500,2.35,2.39
500,2.49,2.65
500,2.40,2.45
500,2.15,2.22
500,2.19,2.16
500,2.36,2.38
500,2.49,2.65
500,2.40,2.45
500,2.15,2.21
500,2.19,2.17
500,2.35,2.38
500,2.49,2.65
500,2.39,2.45
500,2.15,2.22
500,2.19,2.17
500,2.35,2.38
500,2.49,2.65
500,2.40,2.46
500,2.15,2.22
500,2.18,2.17
500,2.35,2.38
500,2.49,2.65
500,2.39,2.45
500,2.15,2.21
500,2.19,2.17
500,2.34,2.38
500,2.49,2.65
500,2.40,2.45
500,2.15,2.22
500,2.19,2.17
500,2.35,2.38
500,2.49,2.65
500,2.40,2.44
500,2.15,2.22
500,2.18,2.17
500,2.35,2.38
500,2.49,2.65
500,2.39,2.45
500,2.16,2.22
500,2.19,2.18
500,2.35,2.39
500,2.49,2.65
500,2.39,2.45
500,2.15,2.22
500,2.18,2.17
500,2.35,2.39
500,2.48,2.64
500,2.40,2.45
500,2.15,2.22
500,2.19,2.17
500,2.35,2.38
500,2.49,2.65
500,2.39,2.44
500,2.15,2.22
500,2.19,2.17
500,2.35,2.38
500,2.49,2.64
500,2.40,2.45
500,2.15,2.22
500,2.19,2.17
500,2.35,2.38
500,2.49,2.65
500,2.40,2.45
500,2.15,2.21
500,2.19,2.17
500,2.35,2.39
500,2.49,2.65
500,2.39,2.45
500,2.15,2.22
500,2.18,2.17
500,2.35,2.38
500,2.49,2.65
500,2.40,2.46
500,2.15,2.23
500,2.19,2.17
500,2.35,2.38
500,2.49,2.65
500,2.39,2.45
500,2.15,2.21
500,2.19,2.17
500,2.35,2.39
500,2.49,2.64
500,2.40,2.45
500,2.15,2.23
500,2.19,2.17
500,2.35,2.39
500,2.49,2.65
500,2.40,2.45
500,2.15,2.22
500,2.18,2.16
500,2.35,2.38
500,2.49,2.65
500,2.40,2.45
500,2.15,2.22
500,2.19,2.17
500,2.35,2.38
500,2.49,2.65
500,2.39,2.45
500,2.15,2.21
500,2.19,2.17
500,2.35,2.39
500,2.49,2.65
500,2.39,2.46
500,2.15,2.22
500,2.19,2.17
500,2.35,2.38
500,2.49,2.65
500,2.39,2.45
500,2.15,2.21
500,2.19,2.17
500,2.35,2.37
500,2.49,2.65
500,2.40,2.45
500,2.15,2.22
500,2.19,2.17
500,2.35,2.39
500,2.49,2.65
500,2.40,2.45
500,2.16,2.22
500,2.19,2.17
500,2.35,2.38
500,2.49,2.65
500,2.39,2.45
500,2.15,2.22
500,2.19,2.17
500,2.35,2.38
500,2.49,2.65
500,2.39,2.45
500,2.15,2.22
500,2.19,2.17
500,2.35,2.38
500,2.49,2.64
500,2.40,2.44
500,2.15,2.22
500,2.19,2.17
500,2.35,2.39
500,2.49,2.64
500,2.40,2.45
500,2.15,2.22
500,2.18,2.17
500,2.34,2.39
500,2.48,2.64
500,2.39,2.45
500,2.15,2.21
500,2.19,2.17
500,2.35,2.38
500,2.49,2.65
500,2.40,2.45
500,2.15,2.22
500,2.19,2.17
500,2.35,2.39
500,2.49,2.65
500,2.39,2.44
500,2.21,2.23
500,2.21,2.17
500,2.35,2.38
500,2.49,2.65
500,2.39,2.45
500,2.15,2.22
500,2.18,2.18
500,2.35,2.39
500,2.49,2.65
500,2.40,2.45
500,2.15,2.22
500,2.19,2.16
500,2.35,2.38
500,2.49,2.65
500,2.40,2.45
500,2.15,2.22
500,2.19,2.17
500,2.35,2.39
500,2.49,2.65
500,2.39,2.45
500,2.15,2.22
500,2.18,2.16
500,2.35,2.38
500,2.49,2.65
500,2.39,2.45
500,2.15,2.22
500,2.19,2.17
500,2.35,2.38
500,2.49,2.65
500,2.40,2.45
500,2.15,2.21
500,2.19,2.17
500,2.35,2.39
500,2.49,2.65
500,2.40,2.45
500,2.15,2.22
500,2.19,2.17
500,2.35,2.38
500,2.49,2.65
500,2.40,2.45
500,2.15,2.23
500,2.19,2.17
500,2.35,2.38
500,2.49,2.64
500,2.40,2.45
500,2.15,2.22
500,2.19,2.17
500,2.35,2.38
500,2.49,2.65
500,2.39,2.45
500,2.15,2.23
500,2.19,2.17
500,2.35,2.38
500,2.49,2.65
500,2.39,2.45
500,2.15,2.22
500,2.19,2.17
500,2.35,2.37
500,2.49,2.65
500,2.40,2.45
500,2.15,2.21
500,2.19,2.17
500,2.35,2.39
500,2.49,2.65
500,2.40,2.46
500,2.15,2.21
500,2.19,2.17
500,2.35,2.38
500,2.49,2.65
500,2.39,2.44
500,2.15,2.22
500,2.19,2.17
500,2.35,2.38
500,2.49,2.65
500,2.39,2.45
500,2.15,2.22
500,2.19,2.17
500,2.35,2.38
500,2.49,2.64
500,2.39,2.45
500,2.15,2.22
500,2.19,2.17
500,2.35,2.38
500,2.49,2.65
500,2.39,2.46
500,2.15,2.22
500,2.19,2.17
500,2.35,2.38
500,2.49,2.65
500,2.40,2.45
500,2.15,2.22
500,2.19,2.17
500,2.35,2.38
500,2.49,2.65
500,2.40,2.46
500,2.16,2.22
500,2.19,2.17
500,2.35,2.38
500,2.49,2.65
500,2.39,2.45
500,2.15,2.22
500,2.19,2.17
500,2.35,2.38
500,2.49,2.65
500,2.39,2.45
500,2.15,2.23
500,2.19,2.18
500,2.35,2.38
500,2.49,2.64
500,2.39,2.45
500,2.15,2.22
500,2.18,2.17
500,2.35,2.38
500,2.49,2.65
500,2.39,2.44
500,2.15,2.22
500,2.19,2.17
500,2.35,2.39
500,2.49,2.64
500,2.40,2.45
500,2.15,2.21
500,2.19,2.17
500,2.35,2.38
500,2.49,2.65
500,2.40,2.45
500,2.15,2.22
500,2.19,2.17
500,2.35,2.38
500,2.49,2.66
500,2.39,2.45
500,2.15,2.21
500,2.19,2.17
500,2.35,2.38
500,2.49,2.65
500,2.39,2.45
500,2.15,2.21
500,2.19,2.17
500,2.35,2.38
500,2.49,2.65
500,2.40,2.45
500,2.15,2.22
500,2.19,2.17
500,2.35,2.38
500,2.49,2.64
500,2.39,2.45
500,2.15,2.21
500,2.19,2.17
500,2.35,2.38
500,2.49,2.64
500,2.40,2.45
500,2.15,2.22
500,2.19,2.17
500,2.35,2.38
500,2.49,2.64
500,2.39,2.45
500,2.15,2.22
500,2.18,2.17
500,2.35,2.38
500,2.49,2.65
500,2.39,2.45
500,2.15,2.22
500,2.19,2.17
500,2.35,2.38
500,2.49,2.64
500,2.39,2.44
500,2.15,2.22
500,2.19,2.17
500,2.35,2.38
500,2.49,2.64
500,2.40,2.45
500,2.15,2.22
500,2.19,2.17
500,2.36,2.39
500,2.49,2.65
500,2.39,2.44
500,2.15,2.21
500,2.18,2.17
500,2.35,2.38
500,2.48,2.65
500,2.40,2.44
500,2.15,2.22
500,2.18,2.17
500,2.35,2.38
500,2.49,2.65
500,2.40,2.45
500,2.15,2.22
500,2.19,2.17
500,2.35,2.38
500,2.49,2.64
500,2.40,2.44
500,2.15,2.22
500,2.18,2.17
500,2.35,2.37
500,2.49,2.66
500,2.39,2.45
500,2.15,2.22
500,2.18,2.17
500,2.35,2.38
500,2.49,2.65
500,2.39,2.45
500,2.15,2.22
500,2.19,2.17
500,2.35,2.38
500,2.49,2.65
500,2.40,2.45
500,2.16,2.22
500,2.19,2.17
500,2.35,2.38
500,2.49,2.65
500,2.39,2.44
500,2.15,2.22
500,2.19,2.17
500,2.35,2.38
500,2.49,2.65
500,2.40,2.44
500,2.16,2.22
500,2.19,2.17
500,2.36,2.38
500,2.49,2.64
500,2.39,2.45
500,2.15,2.22
500,2.19,2.17
500,2.35,2.38
500,2.48,2.64
500,2.39,2.45
500,2.15,2.22
500,2.19,2.17
500,2.35,2.38
500,2.49,2.65
500,2.40,2.45
500,2.16,2.21
500,2.19,2.17
500,2.35,2.38
500,2.49,2.65
500,2.40,2.45
500,2.15,2.22
500,2.19,2.17
500,2.35,2.39
500,2.49,2.65
500,2.40,2.45
500,2.15,2.22
500,2.19,2.17
500,2.35,2.38
500,2.49,2.65
500,2.39,2.45
500,2.16,2.22
500,2.19,2.17
500,2.35,2.38
500,2.49,2.65
500,2.40,2.45
500,2.15,2.22
500,2.19,2.17
500,2.35,2.38
500,2.49,2.65
500,2.40,2.45
500,2.15,2.22
500,2.18,2.16
500,2.35,2.38
500,2.49,2.65
500,2.40,2.45
500,2.16,2.22
500,2.19,2.17
500,2.35,2.38
500,2.49,2.65
500,2.40,2.44
500,2.15,2.22
500,2.19,2.17
500,2.35,2.38
500,2.49,2.65
500,2.40,2.45
500,2.15,2.22
500,2.19,2.18
500,2.35,2.38
500,2.49,2.64
500,2.39,2.44
500,2.15,2.21
500,2.19,2.17
500,2.35,2.38
500,2.49,2.64
500,2.40,2.45
500,2.16,2.22
500,2.19,2.17
500,2.35,2.38
500,2.49,2.65
500,2.39,2.45
500,2.15,2.21
500,2.19,2.17
500,2.35,2.39
500,2.49,2.65
500,2.39,2.44
500,2.15,2.22
500,2.19,2.17
500,2.35,2.39
500,2.49,2.65
500,2.40,2.45
500,2.15,2.22
500,2.19,2.17
500,2.35,2.38
500,2.49,2.65
500,2.39,2.45
500,2.15,2.21
500,2.19,2.17
500,2.35,2.38
500,2.49,2.65
500,2.40,2.45
500,2.16,2.22
500,2.19,2.17
500,2.35,2.39
500,2.49,2.64
500,2.40,2.45
500,2.15,2.22
500,2.19,2.17
500,2.35,2.38
500,2.49,2.65
500,2.40,2.45
500,2.15,2.22
500,2.19,2.17
500,2.35,2.38
600,2.14,2.18
600,2.31,2.48
600,2.41,2.41
600,2.26,2.14
600,2.31,2.41
600,2.20,2.27
600,2.41,2.61
600,2.31,2.22
600,2.31,2.39
600,2.44,2.45
600,2.25,2.12
600,2.37,2.50
600,2.37,2.33
600,2.23,2.28
600,2.42,2.61
600,2.31,2.23
600,2.30,2.39
600,2.43,2.45
600,2.25,2.12
600,2.37,2.50
600,2.37,2.33
600,2.23,2.27
600,2.43,2.61
600,2.31,2.23
600,2.31,2.39
600,2.44,2.44
600,2.25,2.12
600,2.36,2.50
600,2.37,2.33
600,2.23,2.27
600,2.42,2.61
600,2.31,2.22
600,2.30,2.39
600,2.44,2.45
600,2.25,2.12
600,2.37,2.51
600,2.37,2.33
600,2.23,2.28
600,2.42,2.61
600,2.31,2.22
600,2.31,2.39
600,2.44,2.45
600,2.25,2.12
600,2.37,2.50
600,2.37,2.33
600,2.23,2.27
600,2.42,2.61
600,2.31,2.22
600,2.30,2.39
600,2.44,2.44
600,2.25,2.11
600,2.36,2.50
600,2.37,2.34
600,2.24,2.28
600,2.42,2.61
600,2.31,2.23
600,2.31,2.39
600,2.44,2.45
600,2.25,2.12
600,2.36,2.51
600,2.37,2.33
600,2.23,2.27
600,2.42,2.61
600,2.31,2.22
600,2.30,2.39
600,2.44,2.44
600,2.25,2.12
600,2.37,2.51
600,2.37,2.33
600,2.23,2.28
600,2.42,2.61
600,2.31,2.23
600,2.30,2.39
600,2.43,2.45
600,2.25,2.12
600,2.37,2.50
600,2.37,2.33
600,2.23,2.27
600,2.42,2.60
600,2.31,2.22
600,2.30,2.39
600,2.44,2.45
600,2.25,2.11
600,2.36,2.50
600,2.37,2.33
600,2.23,2.27
600,2.42,2.61
600,2.31,2.22
600,2.31,2.39
600,2.44,2.45
600,2.25,2.12
600,2.37,2.50
600,2.37,2.33
600,2.23,2.28
600,2.42,2.61
600,2.30,2.22
600,2.30,2.39
600,2.44,2.44
600,2.25,2.12
600,2.37,2.51
600,2.37,2.34
600,2.23,2.28
600,2.42,2.61
600,2.31,2.22
600,2.31,2.39
600,2.44,2.45
600,2.25,2.11
600,2.37,2.50
600,2.37,2.33
600,2.23,2.28
600,2.42,2.61
600,2.31,2.22
600,2.30,2.40
600,2.44,2.45
600,2.25,2.12
600,2.37,2.50
600,2.37,2.33
600,2.24,2.28
600,2.42,2.61
600,2.31,2.22
600,2.31,2.39
600,2.44,2.45
600,2.25,2.12
600,2.37,2.51
600,2.37,2.33
600,2.23,2.27
600,2.42,2.61
600,2.31,2.21
600,2.30,2.39
600,2.44,2.45
600,2.25,2.12
600,2.37,2.50
600,2.37,2.34
600,2.23,2.27
600,2.43,2.61
600,2.31,2.22
600,2.30,2.39
600,2.44,2.44
600,2.24,2.12
600,2.36,2.50
600,2.37,2.33
600,2.22,2.27
600,2.42,2.61
600,2.31,2.22
600,2.30,2.39
600,2.44,2.45
600,2.25,2.12
600,2.36,2.50
600,2.37,2.33
600,2.23,2.27
600,2.42,2.60
600,2.31,2.22
600,2.31,2.39
600,2.44,2.44
600,2.25,2.12
600,2.37,2.50
600,2.37,2.33
600,2.23,2.27
600,2.42,2.61
600,2.31,2.22
600,2.30,2.39
600,2.44,2.45
600,2.25,2.12
600,2.37,2.50
600,2.37,2.33
600,2.23,2.28
600,2.42,2.61
600,2.31,2.23
600,2.31,2.39
600,2.44,2.44
600,2.25,2.12
600,2.37,2.50
600,2.37,2.33
600,2.23,2.27
600,2.42,2.60
600,2.31,2.22
600,2.30,2.39
600,2.44,2.45
600,2.25,2.12
600,2.37,2.51
600,2.37,2.33
600,2.24,2.27
600,2.42,2.60
600,2.31,2.22
600,2.31,2.39
600,2.44,2.45
600,2.25,2.12
600,2.37,2.51
600,2.37,2.33
600,2.23,2.27
600,2.42,2.61
600,2.31,2.22
600,2.30,2.39
600,2.44,2.45
600,2.25,2.12
600,2.36,2.50
600,2.37,2.33
600,2.23,2.28
600,2.43,2.61
600,2.31,2.23
600,2.31,2.39
600,2.44,2.44
600,2.25,2.12
600,2.36,2.50
600,2.37,2.33
600,2.22,2.27
600,2.42,2.61
600,2.30,2.22
600,2.30,2.39
600,2.44,2.45
600,2.25,2.12
600,2.37,2.50
600,2.37,2.34
600,2.23,2.27
600,2.43,2.61
600,2.31,2.23
600,2.30,2.39
600,2.43,2.44
600,2.24,2.11
600,2.36,2.50
600,2.37,2.34
600,2.23,2.28
600,2.42,2.60
600,2.31,2.22
600,2.30,2.39
600,2.44,2.45
600,2.25,2.11
600,2.37,2.50
600,2.37,2.33
600,2.23,2.27
600,2.42,2.61
600,2.31,2.23
600,2.31,2.40
600,2.44,2.45
600,2.25,2.12
600,2.36,2.50
600,2.37,2.32
600,2.22,2.27
600,2.42,2.61
600,2.31,2.22
600,2.30,2.39
600,2.44,2.44
600,2.25,2.12
600,2.37,2.51
600,2.37,2.34
600,2.23,2.28
600,2.42,2.60
600,2.31,2.22
600,2.30,2.39
600,2.44,2.45
600,2.25,2.12
600,2.37,2.50
600,2.37,2.33
600,2.23,2.28
600,2.42,2.61
600,2.31,2.23
600,2.31,2.39
600,2.44,2.45
600,2.25,2.12
600,2.37,2.50
600,2.37,2.34
600,2.23,2.26
600,2.42,2.61
600,2.31,2.22
600,2.30,2.39
600,2.44,2.45
600,2.25,2.12
600,2.36,2.50
600,2.37,2.33
600,2.23,2.27
600,2.42,2.60
600,2.31,2.22
600,2.30,2.39
600,2.44,2.45
600,2.25,2.12
600,2.37,2.50
600,2.37,2.33
600,2.23,2.27
600,2.42,2.61
600,2.31,2.23
600,2.30,2.39
600,2.44,2.45
600,2.25,2.12
600,2.36,2.50
600,2.37,2.33
600,2.23,2.27
600,2.42,2.61
600,2.31,2.23
600,2.31,2.40
600,2.44,2.44
600,2.25,2.12
600,2.37,2.50
600,2.37,2.33
600,2.23,2.27
600,2.42,2.60
600,2.31,2.22
600,2.31,2.39
600,2.44,2.45
600,2.25,2.12
600,2.37,2.50
600,2.37,2.33
600,2.23,2.27
600,2.42,2.60
600,2.31,2.22
600,2.31,2.39
600,2.44,2.44
600,2.25,2.12
600,2.37,2.50
600,2.37,2.34
600,2.24,2.28
600,2.42,2.61
600,2.31,2.22
600,2.30,2.39
600,2.43,2.44
600,2.25,2.11
600,2.36,2.50
600,2.37,2.32
600,2.22,2.28
600,2.42,2.61
600,2.31,2.23
600,2.31,2.39
600,2.44,2.45
600,2.25,2.12
600,2.37,2.50
600,2.37,2.33
600,2.23,2.27
600,2.42,2.60
600,2.31,2.22
600,2.31,2.39
600,2.44,2.44
600,2.25,2.12
600,2.37,2.50
600,2.37,2.33
600,2.22,2.27
600,2.42,2.60
600,2.31,2.22
600,2.31,2.39
600,2.44,2.44
600,2.25,2.12
600,2.36,2.50
600,2.37,2.33
600,2.23,2.28
600,2.42,2.61
600,2.31,2.22
600,2.30,2.39
600,2.43,2.44
600,2.25,2.12
600,2.36,2.50
600,2.37,2.33
600,2.23,2.28
600,2.42,2.61
600,2.31,2.22
600,2.31,2.39
600,2.44,2.45
600,2.25,2.12
600,2.37,2.50
600,2.37,2.33
600,2.23,2.26
600,2.42,2.61
600,2.31,2.23
600,2.30,2.39
600,2.43,2.45
600,2.25,2.11
600,2.36,2.50
600,2.37,2.33
600,2.23,2.28
600,2.42,2.60
600,2.31,2.23
600,2.31,2.39
600,2.44,2.44
600,2.25,2.12
600,2.37,2.50
600,2.37,2.33
600,2.23,2.28
600,2.43,2.61
600,2.31,2.23
600,2.30,2.39
600,2.44,2.44
600,2.25,2.11
600,2.36,2.50
600,2.37,2.33
600,2.23,2.27
600,2.42,2.60
600,2.31,2.22
600,2.30,2.39
600,2.44,2.45
600,2.26,2.12
600,2.37,2.50
600,2.37,2.32
600,2.23,2.27
600,2.42,2.61
600,2.31,2.22
600,2.30,2.39
600,2.44,2.45
600,2.25,2.12